Referrer	Count per References
P887	7377854
P143	5268407
P932	5123394
P214	3870576
P577	3038928
P1810	2772735
P351	2712884
P1476	2099135
P352	2037443
P407	1874914
P356	1562326
P1640	1552279
P459	1537789
P2326	1428139
P7793	1221362
P3289	1000819
P691	988335
P227	890387
P3452	854051
P4638	843103
P5017	721698
P590	556825
P627	555233
P496	516837
P705	510802
P1216	400277
P1440	379305
P268	368030
P594	348177
P2646	316499
P123	236293
P3181	231865
P662	206694
P1047	197155
P304	196694
P4663	194933
P345	190059
P236	172987
P9300	146536
P434	140696
P235	139106
P9109	138587
P1932	129756
P9940	125426
P661	123616
P1683	117365
P2427	115350
P2446	112632
P5997	111316
P4075	110966
P2701	110962
P3430	110013
P2880	107636
P683	99345
P4381	96450
P6844	93425
P3937	91346
P2163	88246
P10487	87719
P269	81891
P1065	80705
P686	80273
P1402	78924
P10553	74294
P6736	71080
P1769	70524
P244	66344
P1207	65528
P245	64899
P4327	64323
P958	63904
P650	63203
P6786	61018
P1953	60001
P2926	58253
P535	56697
P652	56372
P2566	55368
P3901	55163
P586	53733
P724	52739
P8433	50396
P592	50084
P7848	49904
P9037	49848
P5383	48781
P7293	48028
P1850	46588
P1566	46382
P638	44175
P3318	43079
P4525	40554
P217	40485
P2960	40283
P762	40087
P5750	39557
P3124	39480
P1871	38721
P1280	38089
P4861	34815
P646	33616
P213	33477
P648	33388
P3088	33383
P2843	33344
P3561	33091
P1433	32696
P5297	32260
P1447	32072
P2477	31990
P4293	31019
P6184	30547
P3749	30049
P1459	29688
P3406	28456
P9152	27282
P2253	27018
P7571	25964
P396	25962
P3865	25227
P1258	25171
P2605	25076
P699	24703
P5019	24621
P2639	24606
P4432	24150
P11351	24109
P9789	23705
P1819	23510
P3782	23053
P1315	22705
P1146	22415
P950	22197
P478	22156
P640	21982
P791	21955
P1284	21664
P9905	21299
P3029	21180
P6985	21095
P651	21026
P2014	20851
P6039	20780
P10554	20618
P2093	20269
P1733	20191
P1417	19611
P593	19562
P3517	19291
P649	19219
P7421	19000
P433	18632
P5270	18548
P6594	18467
P9889	17717
P6188	17467
P9322	17292
P4124	17190
P1233	17184
P8034	16911
P8301	16881
P6526	16874
P10112	15876
P1367	15662
P3660	15646
P7831	15616
P5573	15607
P8172	15458
P3051	15411
P6634	15292
P6698	15268
P10442	15099
P8300	14791
P402	14665
P9559	14558
P2435	14395
P8153	14278
P428	14075
P195	14034
P1614	13991
P3630	13906
P4256	13689
P50	13554
P8286	13415
P3217	13372
P1220	13367
P2015	13307
P2461	13214
P8290	13153
P4119	13111
P1545	13094
P6925	13089
P7526	13082
P4459	13034
P8974	13031
P243	13003
P528	12982
P3547	12958
P1045	12854
P1826	12689
P715	12649
P393	12569
P8953	12343
P3957	12275
P8094	11864
P6264	11600
P7411	11462
P8990	11448
P902	11353
P781	11318
P5935	11311
P4789	11277
P549	11135
P2601	10958
P1480	10930
P6782	10883
P486	10780
P1907	10542
P3427	10542
P8116	10414
P8406	10356
P5034	10321
P1296	10178
P2100	10034
P7624	9968
P1184	9960
P839	9822
P906	9781
P4118	9658
P4130	9510
P5731	9416
P2481	9397
P2174	9163
P3973	9105
P1415	9057
P6705	9024
P9049	9002
P10043	8990
P7929	8974
P1144	8846
P4835	8839
P10441	8710
P4762	8693
P9715	8574
P5327	8549
P5247	8506
P3047	8461
P5739	8439
P972	8438
P6829	8358
P3160	8339
P2699	8273
P6194	8253
P3541	8243
P10589	8199
P4632	8048
P1988	8016
P1341	7926
P3935	7921
P7227	7873
P2750	7761
P687	7751
P9223	7680
P7998	7665
P3477	7636
P6127	7548
P2383	7456
P497	7433
P7982	7423
P7224	7406
P595	7319
P856	7238
P4133	7228
P7902	7219
P3898	7193
P1580	7180
P4120	7049
P3655	6993
P3696	6934
P1967	6903
P1368	6891
P4766	6673
P4168	6632
P9394	6596
P9543	6571
P1254	6490
P8548	6454
P10426	6406
P1986	6348
P2180	6283
P1827	6277
P4536	6274
P2268	6180
P2767	6177
P1711	6133
P8707	6115
P585	6101
P8129	6079
P3571	5948
P6722	5894
P536	5877
P6578	5848
P1005	5838
P6815	5812
P464	5761
P6863	5752
P1324	5737
P2062	5733
P2367	5729
P4607	5665
P3605	5660
P9695	5660
P1157	5650
P1059	5645
P1866	5628
P9324	5616
P5375	5566
P8349	5550
P1541	5313
P4464	5222
P5491	5159
P4342	5121
P3565	5018
P7260	4980
P1992	4975
P2694	4928
P9441	4895
P1248	4859
P4790	4825
P8303	4824
P8731	4822
P1808	4819
P2447	4818
P5653	4817
P5952	4711
P8189	4687
P9472	4673
P2401	4668
P6213	4668
P723	4657
P8130	4631
P4927	4591
P8795	4572
P8958	4568
P6821	4565
P5504	4476
P6616	4445
P1138	4440
P2671	4406
P4104	4405
P2428	4394
P3940	4358
P10056	4357
P4819	4343
P2864	4317
P792	4313
P8762	4302
P4087	4245
P9232	4206
P6179	4187
P11219	4155
P5035	4133
P2372	4096
P8341	4095
P3057	4084
P4535	4002
P3542	3996
P3073	3966
P2448	3949
P3368	3941
P2861	3932
P1015	3921
P2333	3914
P1615	3857
P1816	3854
P2657	3845
P4081	3840
P9520	3804
P2342	3801
P1214	3740
P6005	3713
P3522	3703
P570	3621
P2732	3612
P3151	3599
P8851	3595
P3636	3550
P9167	3549
P350	3544
P3532	3529
P1599	3502
P2115	3490
P2949	3477
P2753	3472
P2459	3425
P1331	3368
P3725	3357
P5055	3347
P9159	3333
P4200	3271
P3159	3219
P18	3209
P8750	3204
P1186	3186
P4823	3182
P3666	3177
P6572	3172
P6597	3162
P3016	3144
P373	3140
P4666	3140
P2818	3133
P2685	3115
P8482	3115
P9968	3098
P5123	3094
P5789	3085
P212	3081
P2709	3067
P3987	3038
P2969	3032
P5567	3009
P3046	2972
P10427	2960
P3225	2950
P2091	2948
P2280	2927
P225	2922
P4145	2897
P7796	2886
P6240	2875
P3316	2847
P5570	2818
P2871	2813
P3765	2810
P10253	2789
P7837	2786
P1938	2780
P10522	2760
P4399	2735
P1616	2702
P2889	2699
P11149	2694
P3695	2680
P8732	2668
P4332	2650
P8854	2646
P6262	2618
P8302	2617
P9622	2600
P3408	2594
P2181	2581
P2640	2567
P10511	2566
P291	2565
P6828	2556
P10547	2544
P11112	2529
P8091	2513
P1007	2500
P2728	2495
P2349	2491
P1802	2490
P6333	2429
P6774	2417
P5058	2407
P9066	2407
P98	2380
P3936	2373
P2772	2367
P3053	2361
P3598	2357
P2805	2354
P5324	2340
P4282	2334
P1717	2330
P4931	2317
P3556	2314
P2016	2303
P11348	2302
P8455	2286
P5933	2285
P2966	2270
P2775	2267
P5199	2263
P5513	2243
P7564	2237
P7534	2220
P1700	2187
P2042	2187
P10848	2179
P3684	2175
P9670	2173
P953	2166
P518	2164
P7637	2157
P6465	2143
P8521	2117
P10309	2112
P8912	2106
P675	2102
P3694	2073
P8581	2038
P4887	2034
P7425	2030
P2207	2027
P10109	2006
P4042	1989
P3502	1985
P349	1984
P7597	1975
P3637	1972
P8578	1950
P10383	1941
P3055	1932
P2642	1929
P10586	1923
P1014	1918
P2870	1882
P9058	1875
P3345	1860
P821	1855
P6706	1830
P3903	1817
P2191	1800
P2600	1797
P1795	1795
P1307	1789
P1320	1788
P10551	1787
P1225	1781
P5081	1773
P2332	1768
P3956	1764
P2558	1763
P5011	1759
P2398	1755
P7668	1753
P8366	1740
P3681	1727
P6460	1709
P2496	1692
P5080	1669
P8656	1669
P2002	1662
P3400	1661
P9244	1654
P2574	1650
P2977	1650
P1729	1644
P3662	1643
P1325	1624
P2410	1622
P2773	1620
P9492	1620
P4417	1605
P3405	1592
P2941	1591
P4963	1590
P809	1585
P3841	1583
P6197	1580
P3748	1576
P5224	1572
P5395	1565
P2454	1562
P819	1555
P7036	1552
P8849	1543
P2013	1542
P477	1542
P957	1534
P10713	1532
P6582	1514
P5226	1508
P6865	1508
P973	1501
P7304	1497
P2418	1491
P6178	1490
P10826	1489
P9160	1487
P1680	1483
P8980	1483
P5882	1482
P10856	1480
P9163	1475
P1153	1447
P3616	1437
P1651	1426
P4589	1423
P9299	1414
P3820	1411
P633	1409
P4731	1400
P580	1391
P4751	1379
P3619	1369
P10519	1354
P8803	1352
P4553	1350
P3286	1336
P9264	1331
P6109	1315
P3222	1313
P5357	1302
P10873	1291
P7357	1291
P3640	1287
P2953	1277
P3683	1277
P1042	1276
P2862	1275
P4759	1251
P3807	1235
P6284	1232
P6234	1215
P3711	1207
P8496	1202
P6321	1190
P2038	1185
P485	1178
P7842	1171
P1712	1170
P2915	1170
P4063	1163
P2278	1159
P1736	1156
P4228	1151
P1362	1147
P3699	1143
P5415	1132
P2799	1131
P3184	1131
P9391	1128
P10471	1127
P1292	1122
P6295	1116
P3644	1108
P10563	1104
P8385	1103
P3348	1102
P5005	1092
P2025	1083
P5361	1077
P716	1076
P6567	1067
P2041	1065
P4561	1065
P6714	1061
P4717	1056
P1749	1055
P1243	1054
P4114	1051
P1959	1050
P2538	1048
P3429	1048
P8179	1038
P7416	1032
P4742	1029
P5343	1027
P10667	1017
P8168	1015
P1229	1012
P5597	1011
P8800	1009
P5142	995
P5726	990
P6199	989
P2266	984
P2800	978
P6300	973
P1463	971
P8080	969
P2704	966
P3634	965
P10001	956
P9468	949
P8998	939
P10448	915
P6342	915
P1564	908
P409	896
P815	896
P8348	895
P3652	888
P2930	887
P10221	884
P1025	882
P2273	878
P3153	875
P637	875
P7625	862
P2745	859
P863	856
P7436	855
P2729	852
P3961	850
P4534	849
P2264	847
P2776	838
P9085	838
P8613	836
P9097	834
P2755	833
P8206	832
P3663	826
P1631	815
P582	808
P4779	807
P2003	806
P5273	805
P3409	799
P3603	799
P3911	799
P1807	793
P5628	793
P4629	792
P9083	787
P1364	783
P11340	781
P2944	781
P8947	781
P5359	779
P5370	774
P7032	773
P7509	765
P2549	764
P2774	758
P8234	757
P1265	756
P361	754
P2397	750
P5580	749
P8985	749
P8367	746
P6202	742
P3915	737
P3049	735
P6015	734
P8547	732
P6878	728
P9267	728
P3219	725
P6581	724
P3050	718
P7918	714
P10405	709
P8235	709
P3647	707
P3072	705
P8777	690
P9807	690
P3074	689
P10155	684
P10301	683
P2252	678
P7133	677
P5508	675
P1343	674
P9647	674
P4992	671
P10377	669
P5885	669
P2778	668
P9686	668
P6723	665
P2249	661
P1610	658
P2533	657
P3154	657
P4935	654
P3668	653
P4658	651
P1288	647
P9035	647
P1960	646
P5339	643
P2641	642
P9051	639
P9338	639
P2779	638
P8326	637
P3544	635
P2914	631
P9720	631
P2780	628
P5239	621
P3908	620
P4174	619
P9456	614
P6105	612
P824	610
P1006	608
P2777	608
P5308	608
P3604	605
P2206	601
P6411	599
P9298	599
P7847	594
P4550	593
P1788	589
P3667	589
P5271	586
P3645	585
P1565	580
P6715	579
P3010	576
P5164	574
P380	570
P5368	570
P3742	562
P4532	562
P4203	561
P9506	561
P5101	560
P4109	557
P4177	557
P8728	553
P4687	549
P8662	547
P2096	546
P1989	540
P4303	537
P3965	534
P888	533
P347	531
P2537	530
P3187	528
P2195	527
P4718	525
P1285	524
P8861	515
P6302	512
P2529	511
P933	504
P2005	502
P1667	501
P10141	500
P1430	500
P8134	497
P4749	496
P8950	488
P7859	487
P1707	486
P1977	483
P455	483
P846	483
P1702	481
P8311	480
P2369	478
P1291	475
P11271	472
P625	471
P1954	470
P4285	470
P9996	465
P3495	464
P4491	460
P8098	460
P6645	457
P4298	455
P6811	455
P8793	454
P8084	453
P3385	452
P3745	452
P4966	451
P9890	450
P6412	449
P9247	449
P6156	448
P8277	447
P3629	446
P2387	445
P4186	441
P8493	437
P4005	436
P5079	431
P4808	429
P6627	427
P1031	423
P9277	422
P3376	421
P8249	418
P1728	417
P1391	416
P5492	415
P8616	415
P5645	414
P4128	413
P8432	413
P9339	413
P3577	412
P3230	409
P3608	408
P10219	406
P5038	405
P9699	405
P9331	404
P8312	403
P1182	401
P31	400
P4572	400
P4621	400
P5341	400
P2924	399
P9327	398
P2991	394
P3554	394
P8588	394
P4259	392
P1104	390
P6683	390
P2381	389
P2108	387
P9918	387
P1920	384
P3615	383
P8591	383
P1896	381
P2334	381
P6981	380
P9625	379
P6228	378
P2990	377
P6827	377
P6317	376
P6766	376
P679	376
P3365	375
P4391	375
P11128	374
P3680	374
P8794	371
P3106	370
P8603	370
P1933	366
P276	366
P6386	363
P7935	363
P4724	361
P4885	360
P3678	359
P4781	358
P4620	356
P5683	356
P685	353
P4796	352
P8902	352
P2070	351
P5331	350
P5476	347
P1263	345
P804	343
P5104	342
P7944	342
P2390	340
P6864	340
P8880	340
P2971	339
P850	339
P5161	338
P6514	338
P5564	336
P2813	335
P3923	333
P4438	333
P8081	332
P4895	329
P8636	329
P9165	328
P10012	326
P4945	326
P3241	324
P9415	323
P1316	322
P4319	322
P4539	322
P4528	321
P3791	319
P8336	319
P9352	318
P106	317
P3690	317
P569	317
P6231	316
P3954	313
P1695	311
P3593	310
P4158	309
P4970	308
P4574	307
P836	307
P5661	306
P6851	306
P3226	305
P3691	305
P4804	305
P8200	305
P8544	305
P8572	305
P9301	305
P2088	304
P1902	303
P8133	303
P2726	302
P5632	302
P8149	302
P2622	301
P2752	301
P4117	300
P10689	299
P19	299
P7105	299
P3744	298
P10925	297
P3686	297
P8914	297
P2973	296
P5510	295
P6693	295
P6988	295
P1844	291
P9055	291
P1278	289
P9201	289
P4991	288
P1818	287
P7213	286
P1705	284
P4206	284
P7305	284
P1608	283
P3218	283
P4074	283
P275	282
P5749	282
P6515	282
P8897	282
P2340	280
P3788	280
P6536	280
P2029	276
P3171	276
P6552	276
P3167	274
P4264	274
P4911	274
P5485	272
P4262	271
P6926	271
P5821	270
P1684	269
P6366	269
P1891	266
P8462	266
P2087	265
P364	265
P2188	263
P8635	263
P10488	262
P6119	261
P9114	261
P3658	260
P9942	260
P2526	259
P5852	259
P10976	258
P2458	258
P2940	258
P9507	257
P136	256
P3360	255
P3418	255
P9598	254
P5611	253
P11339	247
P1552	244
P1764	242
P2424	242
P3339	242
P4359	242
P6314	242
P4013	241
P4933	241
P3581	239
P3861	239
P6316	239
P8143	239
P8313	239
P2963	238
P3659	238
P805	235
P7299	233
P9841	233
P996	233
P1551	232
P2020	230
P2399	230
P3786	230
P1556	229
P4498	229
P7800	229
P892	229
P8951	229
P9129	229
P2985	227
P2561	226
P5325	226
P11361	225
P5404	225
P5875	225
P3220	224
P3848	224
P8177	224
P10042	223
P1732	222
P5587	218
P1710	217
P4891	216
P92	215
P2168	214
P2449	214
P3280	214
P6721	214
P5842	211
P1055	208
P2347	208
P5558	208
P3107	207
P5037	207
P9017	207
P9534	206
P3869	205
P2037	204
P4283	204
P1133	203
P17	201
P508	201
P3661	199
P8982	199
P9251	199
P2169	198
P3347	198
P5259	198
P11282	197
P7038	197
P7520	197
P4289	196
P454	195
P790	195
P2604	193
P6750	193
P4727	192
P961	191
P9713	190
P4451	189
P4439	188
P827	188
P170	187
P4223	187
P8219	187
P9541	187
P9610	187
P6305	186
P6399	186
P7474	186
P11281	185
P2277	185
P3421	185
P7666	185
P4476	184
P481	184
P889	184
P8988	184
P6375	183
P2592	182
P7618	182
P4493	181
P2182	180
P3109	180
P8833	180
P571	179
P6778	178
P1739	177
P4773	177
P5908	177
P2099	176
P3023	176
P131	175
P3926	175
P271	174
P3906	174
P436	174
P6954	173
P7578	173
P10086	172
P1741	170
P642	170
P9179	169
P10369	168
P1908	168
P6891	168
P3392	167
P512	167
P2412	166
P2687	166
P5469	166
P9276	166
P4947	164
P69	164
P3573	163
P4273	163
P7491	163
P759	163
P10789	162
P4248	162
P963	162
P7081	161
P7655	160
P9808	160
P1952	159
P4003	159
P8044	159
P8122	159
P5321	158
P6982	158
P1344	157
P2696	157
P9036	157
P1156	155
P3394	155
P4066	155
P6728	155
P8680	155
P921	155
P1708	153
P3305	152
P4263	152
P5246	152
P7136	152
P935	152
P9786	152
P1274	151
P4581	151
P6746	151
P4650	150
P10929	149
P8690	149
P2432	148
P3962	148
P4636	147
P9995	147
P4258	146
P9211	146
P6150	145
P6495	144
P9823	144
P2346	143
P6018	142
P6944	142
P10283	141
P175	141
P5392	141
P718	141
P7575	141
P10243	140
P5505	140
P8805	140
P1448	139
P10168	138
P5374	137
P5794	137
P3040	136
P4156	136
P5435	136
P7992	136
P8441	135
P9076	135
P10545	134
P2081	134
P3703	133
P4404	133
P4985	133
P960	133
P2536	132
P3728	132
P4848	132
P10013	130
P5599	130
P8281	130
P281	129
P4164	129
P4862	129
P6479	129
P7769	129
P6362	128
P858	128
P1185	126
P7128	126
P7444	126
P9623	126
P8903	125
P4585	124
P7545	124
P11114	123
P2850	123
P5387	123
P9113	123
P9199	123
P1237	122
P3825	122
P5329	122
P8545	122
P10018	121
P2241	121
P8855	121
P2697	120
P3134	120
P7939	120
P5394	119
P7954	119
P10029	118
P10552	118
P4481	118
P4769	118
P6181	118
P7569	117
P8944	117
P6792	116
P6833	116
P1607	115
P3620	115
P10458	114
P11315	114
P5344	114
P6337	114
P7986	114
P939	114
P9619	114
P4681	113
P7459	113
P3197	112
P4314	112
P7749	112
P8589	112
P9624	112
P3595	111
P6531	111
P709	111
P9865	111
P1260	110
P437	110
P735	110
P8468	110
P9255	110
P20	109
P27	109
P3352	109
P5815	109
P6192	109
P10064	108
P10314	108
P2868	108
P4744	108
P6796	108
P3478	107
P9536	107
P3361	106
P4601	106
P5223	106
P8061	106
P1581	105
P3298	104
P7203	104
P812	104
P4407	103
P8069	103
P4051	102
P5498	102
P9460	102
P3209	101
P7463	101
P757	101
P9701	101
P4276	100
P3829	99
P2829	98
P4612	98
P5981	97
P11223	96
P1629	96
P480	96
P5219	96
P1317	95
P1955	95
P4093	95
P435	95
P4772	95
P838	95
P1422	94
P1699	94
P7820	94
P8523	94
P8821	94
P9266	94
P9426	94
P10881	93
P11130	93
P2936	93
P2945	93
P9178	93
P4281	92
P6804	92
P7214	92
P8678	92
P9875	92
P10051	91
P1246	91
P8376	91
P9282	91
P10090	90
P1442	90
P1609	90
P1899	90
P2483	90
P6694	90
P1282	89
P3138	89
P4062	89
P4682	89
P5007	89
P5493	89
P8383	89
P9684	89
P10484	88
P2315	88
P5745	88
P6311	88
P6488	88
P8747	88
P11350	87
P3108	87
P3831	87
P9245	87
P9392	87
P4903	86
P8687	86
P9081	86
P10678	85
P1544	85
P3277	85
P8239	85
P9044	85
P9287	85
P2270	84
P3837	84
P6315	84
P8870	84
P9654	84
P4898	83
P5436	83
P6012	83
P10928	82
P4026	82
P4315	82
P5944	82
P6521	82
P6770	82
P7695	82
P1412	81
P4854	81
P5421	81
P5644	81
P8169	81
P9965	81
P8633	80
P9408	80
P7208	79
P951	79
P9522	79
P11063	78
P155	78
P2323	78
P9603	78
P1825	77
P5332	77
P9822	77
P10620	76
P3657	76
P6421	76
P1934	75
P3389	75
P8161	75
P161	74
P2205	74
P2409	74
P3192	74
P3443	74
P5147	74
P1212	73
P2400	73
P4427	73
P5984	73
P9455	73
P9846	73
P9994	73
P1266	72
P1305	72
P3021	72
P4613	72
P7570	72
P7663	72
P1053	71
P1627	71
P2509	71
P2698	71
P5636	71
P9661	71
P1957	70
P5813	70
P6201	70
P734	70
P7343	70
P8520	70
P9665	70
P9685	70
P1366	69
P3832	69
P5478	69
P6329	69
P1001	68
P1019	68
P10832	68
P10833	68
P11152	68
P2092	68
P2798	68
P5463	68
P8415	68
P10979	67
P1648	67
P180	67
P2004	67
P3283	67
P6276	67
P8655	67
P10031	66
P10776	66
P10971	66
P2011	66
P2525	66
P359	66
P3673	66
P4610	66
P6551	66
P9641	66
P1329	65
P348	65
P4025	65
P5598	65
P9756	65
P10677	64
P1070	64
P144	64
P3180	64
P3507	64
P4737	64
P4860	64
P5736	64
P8740	64
P949	64
P9951	64
P10020	63
P1416	63
P1472	63
P2741	63
P3377	63
P6091	63
P9690	63
P1346	62
P156	62
P166	62
P2456	62
P2908	62
P4544	62
P5266	62
P5380	62
P865	62
P8826	62
P910	62
P9692	62
P11019	61
P11150	61
P1882	61
P3351	61
P8132	61
P9104	61
P9449	61
P10351	60
P10886	60
P4720	60
P5115	60
P10700	59
P11189	59
P1473	59
P1679	59
P1804	59
P1931	59
P21	59
P4879	59
P5408	59
P6279	59
P9423	59
P10331	58
P2485	58
P3120	58
P3314	58
P424	58
P4813	58
P4829	58
P5971	58
P818	58
P9053	58
P10069	57
P10931	57
P2306	57
P3789	57
P4514	57
P4993	57
P7232	57
P1562	56
P1563	56
P1726	56
P2071	56
P282	56
P3012	56
P4457	56
P4690	56
P5409	56
P7349	56
P7414	56
P8238	56
P8804	56
P1559	55
P2638	55
P3567	55
P3953	55
P4397	55
P4869	55
P5267	55
P6077	55
P7685	55
P10561	54
P4730	54
P4955	54
P6107	54
P10978	53
P1365	53
P1409	53
P154	53
P1555	53
P1663	53
P39	53
P5641	53
P6147	53
P7259	53
P7646	53
P1085	52
P1375	52
P1466	52
P179	52
P3344	52
P4129	52
P4701	52
P774	52
P8507	52
P9111	52
P9433	52
P11087	51
P127	51
P137	51
P1381	51
P1584	51
P1745	51
P1772	51
P249	51
P2621	51
P4015	51
P7886	51
P966	51
P112	50
P1771	50
P3267	50
P3740	50
P3836	50
P4683	50
P4894	50
P4929	50
P5148	50
P7288	50
P8065	50
P8165	50
P3410	49
P3413	49
P405	49
P5107	49
P6605	49
P6839	49
P7085	49
P7440	49
P8923	49
P10480	48
P186	48
P3527	48
P3537	48
P4249	48
P527	48
P5612	48
P6486	48
P8002	48
P101	47
P10525	47
P10767	47
P1276	47
P1573	47
P2751	47
P3065	47
P4840	47
P800	47
P8060	47
P8696	47
P9181	47
P11003	46
P2469	46
P2581	46
P3669	46
P4939	46
P5316	46
P7127	46
P7662	46
P8013	46
P8463	46
P9501	46
P9553	46
P1303	45
P2603	45
P4053	45
P5742	45
P7294	45
P7619	45
P7941	45
P9106	45
P9627	45
P10436	44
P11098	44
P2031	44
P2484	44
P3272	44
P3599	44
P7303	44
P7363	44
P7461	44
P9144	44
P9594	44
P9691	44
P10092	43
P10538	43
P1670	43
P400	43
P4241	43
P5158	43
P5783	43
P8392	43
P8643	43
P8669	43
P9246	43
P1421	42
P1996	42
P2635	42
P2764	42
P3868	42
P5437	42
P5549	42
P6145	42
P6265	42
P9029	42
P10791	41
P1665	41
P1727	41
P3014	41
P3123	41
P3211	41
P3265	41
P4411	41
P4549	41
P4917	41
P5200	41
P6023	41
P7043	41
P747	41
P8948	41
P10618	40
P108	40
P2722	40
P4024	40
P4513	40
P5346	40
P5721	40
P6290	40
P7395	40
P7699	40
P8575	40
P8772	40
P10416	39
P10514	39
P1273	39
P1600	39
P1822	39
P3575	39
P3888	39
P40	39
P4471	39
P495	39
P5499	39
P5574	39
P6126	39
P6903	39
P7670	39
P7808	39
P8612	39
P9525	39
P9743	39
P10041	38
P10085	38
P1054	38
P11084	38
P162	38
P1801	38
P2860	38
P3185	38
P3525	38
P3980	38
P4085	38
P4657	38
P5384	38
P7052	38
P7400	38
P8158	38
P10160	37
P3626	37
P3899	37
P4633	37
P5462	37
P554	37
P6484	37
P102	36
P10212	36
P11173	36
P1256	36
P2281	36
P2723	36
P3420	36
P4016	36
P4836	36
P4953	36
P6416	36
P6563	36
P6949	36
P742	36
P7682	36
P8389	36
P8758	36
P9024	36
P9155	36
P9261	36
P10116	35
P10213	35
P10674	35
P1149	35
P1230	35
P2613	35
P279	35
P37	35
P3914	35
P4127	35
P4892	35
P5306	35
P5540	35
P57	35
P6158	35
P6387	35
P7002	35
P7388	35
P7452	35
P797	35
P9226	35
P9430	35
P9467	35
P9772	35
P9853	35
P999	35
P10467	34
P1268	34
P2378	34
P2578	34
P2598	34
P2943	34
P4023	34
P4619	34
P4786	34
P4943	34
P5068	34
P655	34
P6756	34
P8295	34
P8809	34
P8960	34
P937	34
P9932	34
P1013	33
P1039	33
P10793	33
P1250	33
P1828	33
P2019	33
P2048	33
P2508	33
P2602	33
P3168	33
P4123	33
P4716	33
P4795	33
P509	33
P5184	33
P5220	33
P641	33
P6474	33
P793	33
P8759	33
P9248	33
P10082	32
P10333	32
P169	32
P1979	32
P2721	32
P3372	32
P3929	32
P5925	32
P6520	32
P6734	32
P7595	32
P8282	32
P8317	32
P8478	32
P8574	32
P9767	32
P9952	32
P103	31
P11022	31
P11044	31
P2164	31
P2801	31
P2909	31
P3446	31
P3638	31
P3726	31
P463	31
P4643	31
P4704	31
P5033	31
P548	31
P5957	31
P7100	31
P8388	31
P8909	31
P9335	31
P9884	31
P11241	30
P1264	30
P22	30
P2626	30
P2725	30
P3388	30
P3843	30
P4011	30
P4286	30
P4465	30
P4617	30
P5298	30
P5698	30
P5905	30
P6371	30
P6404	30
P6595	30
P669	30
P7228	30
P7562	30
P758	30
P7594	30
P7753	30
P7934	30
P8713	30
P8718	30
P8748	30
P9011	30
P9269	30
P9285	30
P10030	29
P140	29
P2373	29
P3098	29
P3293	29
P4313	29
P5663	29
P6104	29
P6467	29
P6762	29
P7465	29
P7583	29
P763	29
P7893	29
P8752	29
P9447	29
P968	29
P9791	29
P9912	29
P2338	28
P2572	28
P4972	28
P5088	28
P5323	28
P5654	28
P6760	28
P7012	28
P760	28
P8007	28
P9046	28
P9137	28
P9409	28
P9535	28
P9984	28
P1071	27
P11036	27
P11091	27
P1449	27
P159	27
P184	27
P3309	27
P3325	27
P381	27
P4590	27
P467	27
P5494	27
P5646	27
P574	27
P7686	27
P7880	27
P8207	27
P905	27
P10226	26
P10711	26
P11194	26
P119	26
P1351	26
P2032	26
P26	26
P3005	26
P3635	26
P3697	26
P3798	26
P3918	26
P3984	26
P4028	26
P4159	26
P4372	26
P4757	26
P4868	26
P4936	26
P5284	26
P5715	26
P6010	26
P6517	26
P7389	26
P7467	26
P7613	26
P8089	26
P8350	26
P9272	26
P938	26
P9780	26
P1027	25
P1352	25
P1477	25
P1874	25
P1893	25
P2476	25
P2812	25
P3077	25
P4012	25
P4108	25
P4182	25
P4192	25
P4401	25
P5098	25
P5198	25
P6208	25
P665	25
P7350	25
P7851	25
P8024	25
P8083	25
P8853	25
P965	25
P10231	24
P1113	24
P126	24
P172	24
P2008	24
P2047	24
P2242	24
P2559	24
P3288	24
P3794	24
P3916	24
P4300	24
P4983	24
P5218	24
P5269	24
P591	24
P5916	24
P670	24
P7572	24
P7962	24
P8590	24
P9404	24
P9466	24
P9640	24
P9958	24
P10536	23
P10576	23
P1869	23
P1949	23
P1985	23
P2193	23
P366	23
P4173	23
P5076	23
P5160	23
P5227	23
P5232	23
P5432	23
P6263	23
P6331	23
P6407	23
P6610	23
P6857	23
P6892	23
P6921	23
P6976	23
P767	23
P768	23
P8085	23
P8106	23
P830	23
P845	23
P8562	23
P86	23
P8780	23
P8782	23
P8895	23
P9054	23
P9843	23
P10033	22
P10299	22
P10709	22
P10792	22
P10918	22
P11336	22
P138	22
P1535	22
P1848	22
P2308	22
P2322	22
P3052	22
P3533	22
P3642	22
P3790	22
P3943	22
P4429	22
P449	22
P452	22
P457	22
P4659	22
P4928	22
P53	22
P6480	22
P6584	22
P6617	22
P730	22
P7644	22
P8954	22
P8975	22
P9164	22
P9326	22
P9592	22
P9967	22
P10046	21
P10126	21
P10289	21
P10404	21
P10657	21
P1066	21
P10842	21
P11360	21
P1746	21
P2080	21
P264	21
P267	21
P2676	21
P3412	21
P4141	21
P4490	21
P4946	21
P5171	21
P5253	21
P551	21
P5531	21
P6006	21
P6174	21
P6765	21
P7076	21
P7533	21
P8100	21
P8240	21
P8299	21
P8657	21
P885	21
P9443	21
P9585	21
P9736	21
P10266	20
P10291	20
P11067	20
P11186	20
P1441	20
P1644	20
P1730	20
P2284	20
P2754	20
P2825	20
P2888	20
P3038	20
P3475	20
P410	20
P4101	20
P4267	20
P4354	20
P4483	20
P4505	20
P4529	20
P5008	20
P5102	20
P5617	20
P5770	20
P6002	20
P6034	20
P607	20
P6359	20
P6476	20
P6628	20
P7430	20
P7864	20
P7958	20
P8365	20
P8439	20
P8569	20
P8749	20
P8995	20
P9020	20
P9070	20
P9093	20
P9337	20
P9482	20
P9646	20
P1026	19
P10968	19
P1706	19
P1838	19
P2034	19
P2830	19
P3332	19
P3538	19
P3845	19
P3977	19
P4073	19
P4265	19
P4352	19
P4533	19
P54	19
P5454	19
P5648	19
P5719	19
P5786	19
P5791	19
P597	19
P6123	19
P6764	19
P732	19
P7323	19
P749	19
P7901	19
P8325	19
P8580	19
P8694	19
P9000	19
P9477	19
P9556	19
P10016	18
P1038	18
P11215	18
P1299	18
P1326	18
P1350	18
P1380	18
P1534	18
P1716	18
P2441	18
P2636	18
P2689	18
P272	18
P2916	18
P2937	18
P3059	18
P3145	18
P3373	18
P3417	18
P3883	18
P3995	18
P4084	18
P421	18
P453	18
P4548	18
P4732	18
P4901	18
P4965	18
P5015	18
P5355	18
P5388	18
P5539	18
P5552	18
P5797	18
P6216	18
P6218	18
P6227	18
P6283	18
P6646	18
P6717	18
P6776	18
P6886	18
P708	18
P7176	18
P7286	18
P7333	18
P745	18
P7697	18
P7803	18
P7943	18
P7993	18
P8214	18
P866	18
P8814	18
P9062	18
P9634	18
P9656	18
P11182	17
P1436	17
P1532	17
P1972	17
P2190	17
P2748	17
P3295	17
P3301	17
P3307	17
P3407	17
P3588	17
P3591	17
P3769	17
P3844	17
P4100	17
P447	17
P460	17
P462	17
P465	17
P4652	17
P576	17
P6058	17
P7026	17
P7471	17
P7678	17
P8563	17
P8610	17
P8648	17
P872	17
P8788	17
P9105	17
P962	17
P9814	17
P10799	16
P1239	16
P1886	16
P1961	16
P2186	16
P2234	16
P231	16
P2385	16
P2389	16
P2521	16
P2771	16
P2795	16
P2816	16
P2847	16
P301	16
P3155	16
P3299	16
P3520	16
P371	16
P3925	16
P4009	16
P4625	16
P488	16
P4906	16
P5337	16
P5340	16
P5390	16
P553	16
P5534	16
P5747	16
P5983	16
P5999	16
P6	16
P6297	16
P6773	16
P7737	16
P7775	16
P7857	16
P7883	16
P7908	16
P8068	16
P81	16
P8246	16
P8371	16
P8372	16
P842	16
P8434	16
P9256	16
P9330	16
P9581	16
P9589	16
P9836	16
P9966	16
P10366	15
P10562	15
P10987	15
P11301	15
P11359	15
P1752	15
P194	15
P1982	15
P2044	15
P2276	15
P2541	15
P2819	15
P2950	15
P3035	15
P3274	15
P3633	15
P3677	15
P3939	15
P4021	15
P4227	15
P4611	15
P4948	15
P5029	15
P5301	15
P5398	15
P6152	15
P629	15
P6409	15
P6535	15
P710	15
P7691	15
P7951	15
P8067	15
P8499	15
P8783	15
P9117	15
P9563	15
P9570	15
P9761	15
P9921	15
P10044	14
P10529	14
P10660	14
P1114	14
P1234	14
P176	14
P1968	14
P242	14
P25	14
P2650	14
P3276	14
P3302	14
P3500	14
P3548	14
P3900	14
P4086	14
P4175	14
P4373	14
P4606	14
P4814	14
P4908	14
P51	14
P5470	14
P5515	14
P5712	14
P5819	14
P6071	14
P6114	14
P6414	14
P6419	14
P6678	14
P7023	14
P7435	14
P7445	14
P7507	14
P7910	14
P8137	14
P8280	14
P8446	14
P9564	14
P9642	14
P9738	14
P9855	14
P9863	14
P1044	13
P1056	13
P10879	13
P10883	13
P10943	13
P10958	13
P1319	13
P1428	13
P1630	13
P1645	13
P1686	13
P1842	13
P1976	13
P2335	13
P2382	13
P2423	13
P2824	13
P2842	13
P2967	13
P306	13
P3390	13
P3414	13
P3846	13
P3927	13
P3951	13
P412	13
P413	13
P4278	13
P451	13
P4890	13
P4904	13
P4934	13
P5002	13
P5051	13
P5128	13
P58	13
P5915	13
P6224	13
P6278	13
P6307	13
P6500	13
P6615	13
P674	13
P676	13
P6979	13
P7106	13
P7131	13
P7132	13
P7519	13
P8159	13
P829	13
P8445	13
P8565	13
P8568	13
P8716	13
P8776	13
P894	13
P9078	13
P9108	13
P9783	13
P1004	12
P10343	12
P10399	12
P10565	12
P10801	12
P1082	12
P10915	12
P11032	12
P11245	12
P1190	12
P1529	12
P157	12
P1619	12
P1947	12
P2026	12
P2078	12
P2464	12
P2492	12
P2582	12
P2715	12
P2867	12
P2922	12
P3136	12
P3163	12
P3196	12
P3425	12
P3468	12
P3481	12
P3607	12
P4083	12
P4390	12
P4494	12
P4706	12
P4900	12
P494	12
P5050	12
P5241	12
P5538	12
P5615	12
P6099	12
P613	12
P6159	12
P6941	12
P7054	12
P7164	12
P7285	12
P7399	12
P7403	12
P7588	12
P7589	12
P7626	12
P7758	12
P7849	12
P7930	12
P8039	12
P8848	12
P9450	12
P9688	12
P9880	12
P10297	11
P1251	11
P1481	11
P1542	11
P1669	11
P1687	11
P1747	11
P1813	11
P2344	11
P2348	11
P2465	11
P2736	11
P3097	11
P3101	11
P3114	11
P3203	11
P3212	11
P3589	11
P360	11
P3631	11
P3653	11
P3664	11
P3783	11
P3800	11
P3946	11
P3959	11
P41	11
P4171	11
P4204	11
P4216	11
P425	11
P4450	11
P4598	11
P5006	11
P5143	11
P5354	11
P5532	11
P5614	11
P5963	11
P6566	11
P6618	11
P6725	11
P6738	11
P6745	11
P696	11
P7041	11
P706	11
P7119	11
P7231	11
P7298	11
P7502	11
P7522	11
P7550	11
P7772	11
P7896	11
P8072	11
P8140	11
P8256	11
P8342	11
P8370	11
P8649	11
P8695	11
P8723	11
P9258	11
P9366	11
P94	11
P9502	11
P9562	11
P9687	11
P9710	11
P9842	11
P9919	11
P10298	10
P10304	10
P10307	10
P1037	10
P10391	10
P10422	10
P10429	10
P10585	10
P10753	10
P11228	10
P1159	10
P1191	10
P1318	10
P1394	10
P1451	10
P1755	10
P1814	10
P2184	10
P2209	10
P2339	10
P240	10
P2470	10
P2892	10
P3215	10
P3233	10
P3304	10
P4333	10
P4380	10
P4424	10
P4470	10
P4575	10
P4616	10
P476	10
P4760	10
P4761	10
P4765	10
P4798	10
P4956	10
P5272	10
P5441	10
P5473	10
P5572	10
P5693	10
P5858	10
P6072	10
P6111	10
P6141	10
P6153	10
P6157	10
P6239	10
P6406	10
P6424	10
P653	10
P6874	10
P7008	10
P7033	10
P7092	10
P7234	10
P7397	10
P7555	10
P7689	10
P7790	10
P7887	10
P7977	10
P8041	10
P8092	10
P8135	10
P8156	10
P8297	10
P8347	10
P8540	10
P864	10
P8711	10
P9173	10
P9227	10
P9345	10
P9371	10
P9446	10
P9504	10
P9524	10
P959	10
P9636	10
P9644	10
P981	10
P9811	10
P9985	10
P10110	9
P10244	9
P10252	9
P10396	9
P10431	9
P10632	9
P1083	9
P10880	9
P110	9
P1154	9
P1235	9
P1270	9
P1310	9
P1385	9
P1454	9
P1553	9
P1889	9
P1935	9
P1950	9
P1970	9
P1997	9
P2079	9
P2194	9
P220	9
P2283	9
P2302	9
P2471	9
P2550	9
P287	9
P2910	9
P2984	9
P3342	9
P3343	9
P3549	9
P3576	9
P3913	9
P4027	9
P4032	9
P4056	9
P4421	9
P4559	9
P4576	9
P4665	9
P4689	9
P4700	9
P4722	9
P4944	9
P5229	9
P5365	9
P5419	9
P5601	9
P5603	9
P5643	9
P5818	9
P5956	9
P6161	9
P6313	9
P6502	9
P664	9
P6713	9
P6767	9
P6947	9
P7005	9
P7118	9
P7313	9
P7369	9
P737	9
P7433	9
P7593	9
P7656	9
P7690	9
P7700	9
P7707	9
P7868	9
P7931	9
P8038	9
P823	9
P828	9
P8335	9
P84	9
P8608	9
P8631	9
P8899	9
P9110	9
P9290	9
P9650	9
P9858	9
P9948	9
P1050	8
P10864	8
P10870	8
P11230	8
P1309	8
P1427	8
P1444	8
P1469	8
P1554	8
P1650	8
P178	8
P1847	8
P2125	8
P241	8
P2431	8
P2450	8
P2634	8
P2727	8
P2734	8
P3058	8
P3126	8
P3150	8
P3176	8
P3346	8
P3411	8
P3435	8
P3545	8
P3856	8
P3857	8
P3863	8
P4014	8
P4033	8
P4110	8
P4208	8
P4301	8
P444	8
P4588	8
P4592	8
P4694	8
P4787	8
P4930	8
P5172	8
P5290	8
P5338	8
P5360	8
P5362	8
P5407	8
P5562	8
P5571	8
P5680	8
P5757	8
P5823	8
P6016	8
P6132	8
P6244	8
P6323	8
P6501	8
P6548	8
P6673	8
P671	8
P6777	8
P6789	8
P6791	8
P6848	8
P7013	8
P7300	8
P750	8
P7591	8
P7722	8
P7723	8
P7741	8
P7874	8
P7928	8
P8019	8
P803	8
P8104	8
P8151	8
P8223	8
P8264	8
P8267	8
P8289	8
P8360	8
P8567	8
P8584	8
P8585	8
P8617	8
P8767	8
P8943	8
P9003	8
P9067	8
P9091	8
P9332	8
P9374	8
P9439	8
P9458	8
P9510	8
P9568	8
P9675	8
P9707	8
P9795	8
P9964	8
P10	7
P10096	7
P1012	7
P10225	7
P10295	7
P10387	7
P1048	7
P105	7
P10508	7
P1107	7
P11074	7
P11083	7
P11111	7
P1267	7
P1314	7
P1435	7
P149	7
P1602	7
P1662	7
P171	7
P1714	7
P1791	7
P1803	7
P1823	7
P1830	7
P1855	7
P1875	7
P189	7
P1984	7
P2030	7
P2341	7
P2350	7
P2355	7
P2361	7
P2539	7
P2596	7
P2632	7
P2647	7
P2695	7
P2730	7
P2740	7
P3045	7
P3056	7
P3064	7
P3089	7
P3175	7
P3221	7
P3237	7
P3257	7
P3350	7
P3363	7
P3393	7
P36	7
P3609	7
P3712	7
P408	7
P4082	7
P4106	7
P4135	7
P4516	7
P4662	7
P4673	7
P4780	7
P4839	7
P5310	7
P5385	7
P539	7
P5403	7
P5417	7
P5464	7
P6103	7
P6124	7
P6219	7
P630	7
P6579	7
P658	7
P7027	7
P7319	7
P7480	7
P7717	7
P772	7
P7798	7
P7807	7
P7865	7
P7926	7
P7991	7
P8031	7
P8055	7
P8379	7
P8381	7
P8423	7
P8541	7
P8583	7
P8604	7
P861	7
P8619	7
P8888	7
P9001	7
P9005	7
P9043	7
P9136	7
P9213	7
P9485	7
P9509	7
P9519	7
P9626	7
P9637	7
P9682	7
P9728	7
P9748	7
P9776	7
P9868	7
P9907	7
P9956	7
P10052	6
P10060	6
P10114	6
P10222	6
P10239	6
P10325	6
P10349	6
P10419	6
P10518	6
P10663	6
P10775	6
P10874	6
P10889	6
P109	6
P1092	6
P11078	6
P11079	6
P1132	6
P1219	6
P1255	6
P1259	6
P1294	6
P135	6
P1376	6
P1411	6
P1593	6
P163	6
P1840	6
P1995	6
P2046	6
P2049	6
P2305	6
P2307	6
P2354	6
P237	6
P2452	6
P2611	6
P2614	6
P2619	6
P2678	6
P2700	6
P2705	6
P2733	6
P277	6
P2804	6
P286	6
P2987	6
P3003	6
P3083	6
P3105	6
P3135	6
P3142	6
P3254	6
P3353	6
P3416	6
P35	6
P3503	6
P3539	6
P3665	6
P3672	6
P3847	6
P3876	6
P3924	6
P3945	6
P4019	6
P4069	6
P4115	6
P4138	6
P4198	6
P4356	6
P4367	6
P4389	6
P4503	6
P4508	6
P4524	6
P4577	6
P4660	6
P4684	6
P4713	6
P4884	6
P503	6
P5099	6
P5108	6
P5240	6
P5260	6
P5275	6
P5320	6
P5396	6
P5414	6
P5418	6
P5452	6
P547	6
P5502	6
P559	6
P560	6
P5657	6
P587	6
P5904	6
P6110	6
P6164	6
P6167	6
P6494	6
P6568	6
P6663	6
P6769	6
P6775	6
P6837	6
P6987	6
P7029	6
P7051	6
P7135	6
P7195	6
P725	6
P729	6
P7314	6
P7347	6
P7352	6
P7367	6
P7372	6
P740	6
P7609	6
P7615	6
P7688	6
P7783	6
P7846	6
P798	6
P802	6
P8079	6
P8108	6
P8231	6
P8251	6
P8315	6
P8422	6
P8501	6
P8577	6
P8630	6
P8634	6
P8896	6
P893	6
P8946	6
P8978	6
P8992	6
P8997	6
P9010	6
P9039	6
P9141	6
P9420	6
P9470	6
P9473	6
P9586	6
P9588	6
P9708	6
P9751	6
P9826	6
P9833	6
P9870	6
P9910	6
P1002	5
P10077	5
P10121	5
P10227	5
P10428	5
P10485	5
P10513	5
P1058	5
P10627	5
P10641	5
P1072	5
P1080	5
P11055	5
P11065	5
P11076	5
P11195	5
P11252	5
P1142	5
P115	5
P1204	5
P1232	5
P1297	5
P1348	5
P1420	5
P1438	5
P1868	5
P1876	5
P1890	5
P1895	5
P1922	5
P1994	5
P2006	5
P206	5
P2175	5
P2210	5
P2267	5
P2388	5
P2482	5
P2631	5
P2655	5
P2857	5
P2942	5
P3048	5
P3060	5
P3069	5
P3113	5
P3162	5
P3169	5
P3258	5
P3297	5
P3434	5
P3513	5
P3516	5
P3614	5
P3747	5
P3766	5
P3851	5
P3854	5
P3887	5
P3912	5
P3931	5
P3988	5
P4054	5
P4065	5
P4076	5
P4088	5
P417	5
P4326	5
P4334	5
P4357	5
P4434	5
P458	5
P4604	5
P4672	5
P4674	5
P4697	5
P4726	5
P474	5
P4768	5
P4782	5
P4797	5
P4872	5
P5021	5
P5036	5
P5121	5
P5163	5
P5176	5
P5319	5
P5363	5
P5377	5
P5381	5
P5459	5
P5530	5
P5607	5
P5691	5
P5732	5
P5769	5
P5776	5
P5796	5
P5820	5
P5830	5
P5844	5
P5917	5
P5985	5
P5986	5
P611	5
P6180	5
P6379	5
P6395	5
P6398	5
P6507	5
P6550	5
P6607	5
P6611	5
P6662	5
P672	5
P673	5
P6757	5
P6771	5
P6845	5
P6866	5
P6868	5
P6894	5
P6999	5
P703	5
P7067	5
P7163	5
P7279	5
P7287	5
P7317	5
P7368	5
P7423	5
P7432	5
P7523	5
P764	5
P7704	5
P7709	5
P7797	5
P7810	5
P7875	5
P7916	5
P7950	5
P7952	5
P7963	5
P7969	5
P8008	5
P8032	5
P8051	5
P8105	5
P8109	5
P8243	5
P825	5
P8261	5
P8263	5
P8269	5
P8292	5
P840	5
P8402	5
P8408	5
P855	5
P8660	5
P8727	5
P8742	5
P8996	5
P9008	5
P9026	5
P9033	5
P9118	5
P9222	5
P931	5
P9328	5
P946	5
P97	5
P9718	5
P9815	5
P9862	5
P9871	5
P990	5
P10144	4
P1017	4
P10337	4
P10363	4
P10400	4
P10501	4
P10510	4
P10559	4
P10647	4
P10725	4
P10782	4
P10803	4
P10963	4
P11041	4
P11066	4
P11092	4
P11104	4
P11234	4
P1135	4
P1181	4
P1195	4
P1213	4
P1262	4
P1281	4
P1323	4
P1354	4
P1395	4
P141	4
P1419	4
P150	4
P1579	4
P1585	4
P1638	4
P1721	4
P1766	4
P1800	4
P1806	4
P185	4
P1870	4
P1884	4
P1888	4
P1936	4
P1971	4
P2007	4
P2012	4
P2061	4
P219	4
P2316	4
P2327	4
P2408	4
P2440	4
P2503	4
P2520	4
P2703	4
P2826	4
P2959	4
P30	4
P3133	4
P3141	4
P3186	4
P3234	4
P3273	4
P3324	4
P3398	4
P3415	4
P3431	4
P344	4
P3445	4
P3462	4
P3472	4
P3504	4
P355	4
P3597	4
P3602	4
P3685	4
P3689	4
P3702	4
P3770	4
P38	4
P3804	4
P3859	4
P3862	4
P3874	4
P3894	4
P3928	4
P3938	4
P3979	4
P404	4
P4050	4
P414	4
P4144	4
P4191	4
P4272	4
P4277	4
P4284	4
P4328	4
P4530	4
P4552	4
P4578	4
P4591	4
P4640	4
P4641	4
P4692	4
P4725	4
P4738	4
P4801	4
P4807	4
P4989	4
P5032	4
P5054	4
P5094	4
P5149	4
P5182	4
P523	4
P5264	4
P5265	4
P5291	4
P5364	4
P5391	4
P5430	4
P5489	4
P5687	4
P5705	4
P575	4
P5760	4
P5772	4
P5831	4
P599	4
P6036	4
P6081	4
P61	4
P6160	4
P6169	4
P6226	4
P6241	4
P6255	4
P6269	4
P6282	4
P6394	4
P6413	4
P6423	4
P644	4
P6519	4
P6575	4
P6583	4
P6633	4
P6636	4
P6676	4
P6749	4
P677	4
P6790	4
P6836	4
P6934	4
P694	4
P6945	4
P6992	4
P701	4
P7037	4
P7142	4
P7149	4
P7175	4
P7212	4
P7215	4
P7222	4
P7223	4
P733	4
P7374	4
P7380	4
P7455	4
P746	4
P7466	4
P7677	4
P7681	4
P7718	4
P7819	4
P7829	4
P7920	4
P8125	4
P8148	4
P8278	4
P8419	4
P8440	4
P8527	4
P8534	4
P8550	4
P8595	4
P8725	4
P8768	4
P8774	4
P8802	4
P8825	4
P8832	4
P884	4
P8840	4
P8850	4
P8917	4
P8919	4
P8922	4
P8925	4
P9012	4
P9032	4
P9061	4
P9073	4
P9101	4
P9128	4
P9185	4
P9212	4
P9407	4
P941	4
P9432	4
P9463	4
P9495	4
P9549	4
P9575	4
P9601	4
P9621	4
P9631	4
P9649	4
P9653	4
P9673	4
P9785	4
P9802	4
P9852	4
P9945	4
P9976	4
P9982	4
P9986	4
P10028	3
P10039	3
P10097	3
P10124	3
P10191	3
P10217	3
P10233	3
P10276	3
P10296	3
P10302	3
P10335	3
P10338	3
P10354	3
P10370	3
P10397	3
P10414	3
P10469	3
P10662	3
P10682	3
P10757	3
P1084	3
P10887	3
P10951	3
P10952	3
P11014	3
P11017	3
P11023	3
P11024	3
P11057	3
P1106	3
P11077	3
P11099	3
P11176	3
P11180	3
P1163	3
P1187	3
P1192	3
P1196	3
P1218	3
P1227	3
P1269	3
P129	3
P1300	3
P1327	3
P1340	3
P1353	3
P1355	3
P1357	3
P1369	3
P1386	3
P1390	3
P1392	3
P1400	3
P1423	3
P1483	3
P1550	3
P158	3
P1588	3
P1653	3
P1659	3
P1748	3
P1760	3
P1774	3
P1793	3
P1824	3
P1877	3
P1939	3
P1951	3
P1958	3
P1980	3
P199	3
P2067	3
P209	3
P2123	3
P2148	3
P2151	3
P2162	3
P2192	3
P229	3
P2298	3
P2303	3
P2396	3
P2463	3
P2474	3
P2501	3
P2507	3
P2522	3
P263	3
P2679	3
P2702	3
P2720	3
P2724	3
P2739	3
P2886	3
P2893	3
P2894	3
P2948	3
P2951	3
P2968	3
P3093	3
P3117	3
P3147	3
P3191	3
P3320	3
P3371	3
P3381	3
P3383	3
P3401	3
P3403	3
P3424	3
P3449	3
P3458	3
P3476	3
P3483	3
P3499	3
P3505	3
P3528	3
P354	3
P3546	3
P3569	3
P3606	3
P3651	3
P3698	3
P370	3
P3758	3
P3767	3
P3808	3
P3811	3
P3812	3
P382	3
P3830	3
P3835	3
P3893	3
P3907	3
P4008	3
P403	3
P4172	3
P4180	3
P4211	3
P4212	3
P4346	3
P4351	3
P4353	3
P4358	3
P4473	3
P4502	3
P4605	3
P466	3
P4702	3
P4712	3
P4714	3
P4775	3
P4783	3
P4821	3
P4845	3
P4871	3
P4925	3
P4977	3
P4980	3
P5023	3
P5030	3
P5043	3
P5075	3
P5137	3
P5168	3
P5178	3
P5202	3
P5203	3
P5208	3
P5221	3
P5245	3
P5288	3
P5303	3
P5311	3
P5315	3
P5353	3
P5356	3
P5413	3
P542	3
P5423	3
P5431	3
P5466	3
P5566	3
P5584	3
P5588	3
P5606	3
P5616	3
P5626	3
P5716	3
P5734	3
P5799	3
P5816	3
P5901	3
P5918	3
P598	3
P5990	3
P6008	3
P606	3
P6060	3
P6070	3
P608	3
P6108	3
P6113	3
P6151	3
P6166	3
P6177	3
P618	3
P6182	3
P6235	3
P6246	3
P6298	3
P6304	3
P631	3
P6348	3
P635	3
P6373	3
P6378	3
P639	3
P6402	3
P6473	3
P6565	3
P6625	3
P6652	3
P6668	3
P6677	3
P6690	3
P6726	3
P6735	3
P6852	3
P6854	3
P6862	3
P6908	3
P6932	3
P7028	3
P7050	3
P7068	3
P7110	3
P7116	3
P7197	3
P7235	3
P7236	3
P7254	3
P7290	3
P7301	3
P731	3
P7359	3
P7364	3
P7438	3
P7482	3
P7498	3
P7504	3
P7517	3
P7622	3
P7642	3
P7687	3
P7696	3
P7715	3
P775	3
P7760	3
P7778	3
P7779	3
P7784	3
P7894	3
P7936	3
P7937	3
P7938	3
P7948	3
P7953	3
P7972	3
P8033	3
P8074	3
P808	3
P8099	3
P8136	3
P8175	3
P8176	3
P8226	3
P8287	3
P8351	3
P8358	3
P8404	3
P841	3
P8413	3
P8519	3
P8532	3
P8546	3
P8551	3
P8555	3
P860	3
P8618	3
P8632	3
P8653	3
P8682	3
P8683	3
P8765	3
P8787	3
P8796	3
P880	3
P882	3
P8885	3
P8905	3
P8926	3
P8927	3
P8964	3
P8972	3
P8999	3
P9048	3
P9095	3
P912	3
P9130	3
P9131	3
P9135	3
P9149	3
P915	3
P9240	3
P9249	3
P927	3
P9280	3
P9307	3
P9399	3
P9434	3
P9442	3
P9469	3
P9478	3
P9484	3
P9486	3
P9511	3
P9578	3
P9766	3
P9800	3
P982	3
P9876	3
P989	3
P9903	3
P9938	3
P9943	3
P998	3
P9988	3
P10035	2
P1010	2
P10135	2
P10149	2
P10187	2
P10192	2
P10205	2
P10242	2
P10265	2
P10270	2
P1028	2
P10285	2
P10312	2
P10313	2
P10317	2
P10376	2
P10386	2
P10392	2
P10393	2
P10395	2
P1040	2
P10430	2
P10437	2
P10453	2
P10465	2
P10503	2
P10516	2
P10619	2
P10649	2
P10666	2
P10690	2
P10701	2
P10705	2
P10706	2
P10715	2
P10759	2
P10760	2
P10762	2
P10780	2
P10811	2
P10861	2
P10902	2
P10939	2
P10975	2
P11000	2
P11009	2
P11038	2
P11043	2
P1111	2
P11131	2
P1120	2
P11211	2
P1128	2
P11294	2
P11298	2
P11343	2
P11346	2
P1150	2
P122	2
P1242	2
P1252	2
P1283	2
P1286	2
P1356	2
P1397	2
P1399	2
P1401	2
P1408	2
P1429	2
P1434	2
P1439	2
P1455	2
P1587	2
P1591	2
P1594	2
P1618	2
P1642	2
P1652	2
P1685	2
P1696	2
P1735	2
P1780	2
P1782	2
P1799	2
P1839	2
P190	2
P1966	2
P1978	2
P1991	2
P200	2
P2001	2
P2010	2
P2018	2
P2040	2
P2043	2
P2064	2
P208	2
P2089	2
P2098	2
P2153	2
P2173	2
P2187	2
P2218	2
P2238	2
P2255	2
P2257	2
P2317	2
P232	2
P2379	2
P2380	2
P2413	2
P2438	2
P2443	2
P2498	2
P2534	2
P2548	2
P2562	2
P2607	2
P2625	2
P2652	2
P2666	2
P2677	2
P2762	2
P2802	2
P2828	2
P2876	2
P2897	2
P2899	2
P2912	2
P2917	2
P2918	2
P2927	2
P2946	2
P2952	2
P297	2
P3006	2
P3007	2
P3017	2
P3018	2
P3031	2
P3037	2
P3054	2
P3068	2
P3130	2
P3132	2
P3224	2
P3236	2
P3240	2
P3248	2
P3292	2
P3340	2
P3391	2
P3436	2
P3442	2
P3450	2
P3453	2
P3470	2
P3498	2
P3511	2
P3514	2
P3515	2
P3526	2
P3550	2
P3557	2
P3558	2
P3559	2
P3579	2
P358	2
P3590	2
P3601	2
P3621	2
P3646	2
P3654	2
P3670	2
P369	2
P3692	2
P3700	2
P3704	2
P3710	2
P3714	2
P3724	2
P3732	2
P374	2
P375	2
P3759	2
P3785	2
P3796	2
P3827	2
P3842	2
P3855	2
P3871	2
P3882	2
P3921	2
P3933	2
P395	2
P3960	2
P3963	2
P3976	2
P3981	2
P3989	2
P3997	2
P3999	2
P4004	2
P4007	2
P4070	2
P4102	2
P4112	2
P415	2
P4155	2
P4161	2
P4178	2
P4215	2
P4217	2
P4232	2
P426	2
P4260	2
P4275	2
P4312	2
P4330	2
P4388	2
P4394	2
P4398	2
P4409	2
P4415	2
P4416	2
P4428	2
P443	2
P4431	2
P4462	2
P4467	2
P4474	2
P450	2
P4515	2
P4527	2
P4560	2
P4569	2
P4595	2
P4647	2
P4649	2
P4667	2
P4686	2
P47	2
P4705	2
P4711	2
P4723	2
P4728	2
P473	2
P4743	2
P4745	2
P4754	2
P4756	2
P4784	2
P479	2
P4791	2
P4803	2
P4816	2
P4834	2
P4846	2
P4855	2
P4858	2
P4893	2
P4899	2
P4905	2
P4913	2
P492	2
P5125	2
P5154	2
P5181	2
P5187	2
P5195	2
P5237	2
P524	2
P5294	2
P5314	2
P5369	2
P5372	2
P5393	2
P5429	2
P5442	2
P5458	2
P5460	2
P5474	2
P5496	2
P5517	2
P5559	2
P5586	2
P5600	2
P5619	2
P5629	2
P564	2
P5640	2
P5651	2
P566	2
P5704	2
P5717	2
P5720	2
P5743	2
P5782	2
P5817	2
P5832	2
P5845	2
P5847	2
P5874	2
P5884	2
P5891	2
P5914	2
P5958	2
P5987	2
P6009	2
P6037	2
P6053	2
P6056	2
P6082	2
P6084	2
P6087	2
P609	2
P6162	2
P617	2
P6173	2
P6176	2
P6187	2
P6204	2
P6211	2
P6217	2
P6221	2
P6237	2
P6238	2
P6275	2
P6293	2
P6327	2
P6330	2
P6336	2
P6338	2
P6339	2
P6347	2
P6351	2
P6385	2
P6410	2
P6433	2
P6434	2
P6463	2
P6529	2
P6553	2
P6561	2
P6580	2
P6600	2
P6606	2
P6619	2
P6660	2
P6674	2
P6679	2
P6720	2
P6748	2
P6759	2
P6817	2
P6831	2
P6842	2
P6870	2
P6873	2
P6900	2
P6907	2
P6931	2
P6960	2
P6972	2
P6989	2
P7000	2
P7042	2
P7046	2
P7103	2
P7104	2
P7130	2
P7144	2
P7165	2
P717	2
P7173	2
P7174	2
P7187	2
P7211	2
P7237	2
P7238	2
P7243	2
P7262	2
P7295	2
P7311	2
P7312	2
P7324	2
P7340	2
P7365	2
P7384	2
P7409	2
P7429	2
P7437	2
P7449	2
P748	2
P7512	2
P7535	2
P7560	2
P7567	2
P7580	2
P7596	2
P7604	2
P761	2
P7620	2
P7630	2
P7659	2
P7724	2
P7777	2
P7785	2
P7791	2
P7799	2
P7858	2
P7867	2
P7888	2
P7900	2
P7942	2
P7983	2
P7989	2
P8022	2
P8047	2
P8058	2
P807	2
P8070	2
P8077	2
P8090	2
P8101	2
P8152	2
P8160	2
P8166	2
P8199	2
P820	2
P8210	2
P8258	2
P8309	2
P8327	2
P8329	2
P8355	2
P8356	2
P8357	2
P8375	2
P8400	2
P8425	2
P8509	2
P8528	2
P8600	2
P8601	2
P8605	2
P8607	2
P862	2
P8627	2
P8647	2
P8666	2
P8672	2
P868	2
P8693	2
P8720	2
P8721	2
P8729	2
P8743	2
P8754	2
P8790	2
P8791	2
P88	2
P8816	2
P8827	2
P8841	2
P8842	2
P8906	2
P8913	2
P8916	2
P8941	2
P8969	2
P8993	2
P9007	2
P9094	2
P9115	2
P919	2
P920	2
P9210	2
P923	2
P9243	2
P9288	2
P9291	2
P9304	2
P9411	2
P9425	2
P9474	2
P9490	2
P9498	2
P9523	2
P9584	2
P9590	2
P9614	2
P9620	2
P964	2
P9651	2
P9660	2
P9663	2
P9672	2
P9677	2
P971	2
P9724	2
P9755	2
P9758	2
P9778	2
P9781	2
P9801	2
P9809	2
P9818	2
P9832	2
P9878	2
P9882	2
P9885	2
P9900	2
P9944	2
P9961	2
P10006	1
P10008	1
P10021	1
P10023	1
P10026	1
P10034	1
P10036	1
P10058	1
P10061	1
P10070	1
P10081	1
P10095	1
P10100	1
P10101	1
P10103	1
P10104	1
P10130	1
P10133	1
P10138	1
P10154	1
P10172	1
P10177	1
P10190	1
P10194	1
P1021	1
P10240	1
P10241	1
P10254	1
P10264	1
P10274	1
P10286	1
P10287	1
P1030	1
P10318	1
P1032	1
P10323	1
P10329	1
P10347	1
P10355	1
P10371	1
P10408	1
P10420	1
P10421	1
P10425	1
P10450	1
P10455	1
P10464	1
P10472	1
P10478	1
P10505	1
P10509	1
P10520	1
P10526	1
P10528	1
P10539	1
P10572	1
P10583	1
P10596	1
P1060	1
P10606	1
P10626	1
P10634	1
P10646	1
P10670	1
P10673	1
P1069	1
P10699	1
P10702	1
P10714	1
P10719	1
P10721	1
P10730	1
P1074	1
P10770	1
P10774	1
P10804	1
P1081	1
P10812	1
P10817	1
P10827	1
P10837	1
P10844	1
P10885	1
P10910	1
P10919	1
P10947	1
P10956	1
P10980	1
P11020	1
P11025	1
P11026	1
P11029	1
P11042	1
P11046	1
P11082	1
P11088	1
P11090	1
P11113	1
P11118	1
P11120	1
P11121	1
P11139	1
P11151	1
P11156	1
P1116	1
P11179	1
P11212	1
P11250	1
P11263	1
P11269	1
P11299	1
P11345	1
P1137	1
P1143	1
P1151	1
P1155	1
P117	1
P118	1
P1194	1
P1208	1
P1211	1
P1245	1
P1249	1
P1253	1
P1257	1
P1272	1
P1277	1
P1287	1
P1289	1
P1332	1
P1333	1
P1336	1
P1338	1
P1339	1
P1342	1
P1359	1
P1403	1
P1424	1
P1431	1
P1443	1
P1456	1
P1462	1
P1478	1
P1479	1
P1536	1
P1539	1
P1540	1
P1546	1
P1549	1
P1568	1
P1576	1
P1595	1
P1596	1
P1598	1
P16	1
P1612	1
P1620	1
P1622	1
P1624	1
P1625	1
P1635	1
P1636	1
P1647	1
P1649	1
P1709	1
P1713	1
P177	1
P1776	1
P1789	1
P1809	1
P1820	1
P1821	1
P1836	1
P1867	1
P1885	1
P1919	1
P1924	1
P193	1
P1930	1
P1937	1
P1940	1
P1944	1
P1963	1
P1990	1
P1998	1
P2009	1
P2036	1
P2052	1
P2053	1
P2057	1
P2058	1
P2063	1
P2076	1
P2084	1
P2121	1
P2124	1
P2158	1
P2183	1
P2189	1
P2225	1
P223	1
P2250	1
P2282	1
P2310	1
P2311	1
P2331	1
P2337	1
P234	1
P2353	1
P2360	1
P238	1
P2384	1
P2392	1
P2416	1
P2421	1
P2425	1
P2426	1
P2433	1
P2444	1
P2453	1
P2455	1
P2468	1
P247	1
P2489	1
P2490	1
P2493	1
P2510	1
P2540	1
P2553	1
P2575	1
P2610	1
P2623	1
P2624	1
P2670	1
P270	1
P2742	1
P2761	1
P2769	1
P2786	1
P2789	1
P2796	1
P2811	1
P2823	1
P2833	1
P2851	1
P2883	1
P289	1
P2896	1
P2900	1
P2905	1
P2911	1
P2938	1
P2939	1
P2961	1
P2962	1
P2970	1
P2975	1
P298	1
P299	1
P2999	1
P300	1
P3000	1
P3008	1
P3009	1
P3022	1
P3027	1
P3028	1
P3032	1
P3042	1
P305	1
P3075	1
P3081	1
P3082	1
P3090	1
P3095	1
P3111	1
P3112	1
P3121	1
P3129	1
P3172	1
P3182	1
P3183	1
P3194	1
P3204	1
P3206	1
P3208	1
P3223	1
P3227	1
P3229	1
P3238	1
P3259	1
P3263	1
P3279	1
P3290	1
P3300	1
P3370	1
P3382	1
P3438	1
P3444	1
P3454	1
P3461	1
P3466	1
P3467	1
P3501	1
P3506	1
P3519	1
P3521	1
P3531	1
P3553	1
P3555	1
P3560	1
P3563	1
P3566	1
P3596	1
P3600	1
P3612	1
P3618	1
P3622	1
P3627	1
P3628	1
P3632	1
P3675	1
P3682	1
P3705	1
P3706	1
P3735	1
P3746	1
P3762	1
P3780	1
P3784	1
P3799	1
P3801	1
P3806	1
P3813	1
P3814	1
P3821	1
P3828	1
P3860	1
P3875	1
P3877	1
P3878	1
P3884	1
P3885	1
P3895	1
P3896	1
P3919	1
P3944	1
P3958	1
P3967	1
P3968	1
P397	1
P3970	1
P3974	1
P3975	1
P398	1
P3986	1
P399	1
P3996	1
P3998	1
P4043	1
P4046	1
P4057	1
P406	1
P4061	1
P4068	1
P4072	1
P4077	1
P4079	1
P4089	1
P4090	1
P4092	1
P4094	1
P4095	1
P4096	1
P4107	1
P411	1
P4136	1
P4139	1
P4146	1
P4160	1
P4162	1
P4193	1
P4194	1
P4213	1
P4224	1
P4229	1
P4231	1
P4243	1
P4244	1
P4247	1
P4252	1
P4254	1
P4255	1
P4274	1
P4290	1
P4299	1
P4311	1
P4335	1
P4360	1
P4364	1
P4369	1
P4387	1
P439	1
P4392	1
P4412	1
P4422	1
P4453	1
P4454	1
P4456	1
P4461	1
P4466	1
P4475	1
P4477	1
P4479	1
P4489	1
P4510	1
P4520	1
P4542	1
P4545	1
P4563	1
P4582	1
P4583	1
P4594	1
P4597	1
P4608	1
P4614	1
P4635	1
P4637	1
P4645	1
P4651	1
P4661	1
P4715	1
P4721	1
P4739	1
P4741	1
P4752	1
P4799	1
P4802	1
P4806	1
P4818	1
P4822	1
P4824	1
P4844	1
P4847	1
P4856	1
P4859	1
P4863	1
P4870	1
P4897	1
P4919	1
P4942	1
P4957	1
P4959	1
P4962	1
P4967	1
P4971	1
P4974	1
P4994	1
P5047	1
P5077	1
P5097	1
P5106	1
P5114	1
P5120	1
P5140	1
P516	1
P5177	1
P5185	1
P5188	1
P5207	1
P5242	1
P5243	1
P5251	1
P5257	1
P5283	1
P5285	1
P5292	1
P530	1
P5302	1
P5309	1
P5312	1
P5318	1
P533	1
P537	1
P5378	1
P538	1
P5389	1
P5400	1
P541	1
P5422	1
P5443	1
P5446	1
P5456	1
P5457	1
P5465	1
P5477	1
P5488	1
P5490	1
P5495	1
P5509	1
P5514	1
P5516	1
P5525	1
P5527	1
P5535	1
P5541	1
P5544	1
P5555	1
P5568	1
P5578	1
P5590	1
P5604	1
P5631	1
P5633	1
P5635	1
P5647	1
P5649	1
P5652	1
P5665	1
P5667	1
P5670	1
P5692	1
P5735	1
P5764	1
P5773	1
P5775	1
P5784	1
P579	1
P5806	1
P5810	1
P5827	1
P5833	1
P5834	1
P5836	1
P5848	1
P5849	1
P5859	1
P5864	1
P5869	1
P5871	1
P5880	1
P5883	1
P5906	1
P5909	1
P5921	1
P5928	1
P5936	1
P5953	1
P5961	1
P5966	1
P6004	1
P6007	1
P6019	1
P6022	1
P604	1
P6059	1
P6097	1
P610	1
P6130	1
P6133	1
P6137	1
P6138	1
P6142	1
P6143	1
P6144	1
P6163	1
P6171	1
P6175	1
P6190	1
P6200	1
P6210	1
P6243	1
P6251	1
P6254	1
P6259	1
P6285	1
P6287	1
P6291	1
P6292	1
P6294	1
P6312	1
P6324	1
P6325	1
P6332	1
P6346	1
P6350	1
P6403	1
P6405	1
P6408	1
P6420	1
P6422	1
P6429	1
P6431	1
P6432	1
P645	1
P6458	1
P6462	1
P6466	1
P6477	1
P6489	1
P6491	1
P6493	1
P6509	1
P6518	1
P6528	1
P654	1
P6549	1
P6556	1
P6559	1
P6562	1
P6570	1
P6576	1
P6585	1
P66	1
P6601	1
P6602	1
P6621	1
P6624	1
P663	1
P6637	1
P6641	1
P6666	1
P6681	1
P6682	1
P6710	1
P6724	1
P6741	1
P6744	1
P6747	1
P6752	1
P678	1
P6780	1
P6783	1
P6784	1
P6797	1
P680	1
P6802	1
P6809	1
P6812	1
P6819	1
P6820	1
P6823	1
P6850	1
P6853	1
P6858	1
P6867	1
P6885	1
P690	1
P6901	1
P6904	1
P6905	1
P6912	1
P6922	1
P693	1
P6933	1
P6935	1
P6936	1
P6937	1
P6939	1
P6942	1
P6958	1
P6959	1
P6963	1
P6977	1
P6984	1
P6995	1
P6996	1
P7004	1
P7006	1
P7014	1
P7021	1
P7022	1
P7035	1
P7044	1
P7055	1
P7087	1
P7091	1
P7107	1
P7109	1
P7125	1
P7140	1
P7155	1
P7168	1
P7171	1
P7184	1
P7186	1
P7192	1
P7193	1
P7194	1
P7196	1
P7207	1
P721	1
P7217	1
P7219	1
P7225	1
P7242	1
P726	1
P7277	1
P7296	1
P7309	1
P7318	1
P7320	1
P7326	1
P7334	1
P7338	1
P7339	1
P7341	1
P7346	1
P7353	1
P7354	1
P7358	1
P7362	1
P7404	1
P7408	1
P741	1
P7427	1
P7434	1
P7439	1
P7450	1
P7464	1
P7470	1
P7475	1
P7495	1
P7496	1
P7513	1
P7546	1
P7548	1
P7552	1
P7553	1
P7561	1
P7568	1
P7614	1
P7634	1
P7636	1
P7638	1
P7641	1
P7645	1
P7648	1
P7652	1
P7676	1
P7680	1
P769	1
P7692	1
P7698	1
P770	1
P771	1
P7710	1
P7726	1
P7727	1
P7732	1
P7744	1
P7754	1
P7764	1
P7766	1
P78	1
P7804	1
P7816	1
P7818	1
P7823	1
P7827	1
P7828	1
P7844	1
P787	1
P7872	1
P7877	1
P7878	1
P7882	1
P7909	1
P7923	1
P7932	1
P7947	1
P7956	1
P7959	1
P7965	1
P7968	1
P7978	1
P7985	1
P7997	1
P8021	1
P8023	1
P8036	1
P8037	1
P8050	1
P8052	1
P806	1
P811	1
P8138	1
P8146	1
P8155	1
P8157	1
P8197	1
P8209	1
P8218	1
P822	1
P8230	1
P8232	1
P8233	1
P8237	1
P8242	1
P8259	1
P826	1
P8260	1
P8283	1
P8285	1
P8294	1
P8296	1
P8316	1
P8320	1
P8334	1
P8346	1
P837	1
P8386	1
P8391	1
P8394	1
P8411	1
P8421	1
P8424	1
P8443	1
P8469	1
P8484	1
P8487	1
P85	1
P8504	1
P8511	1
P852	1
P8531	1
P8554	1
P8557	1
P8564	1
P8566	1
P8576	1
P859	1
P8599	1
P8614	1
P8625	1
P8626	1
P8639	1
P8640	1
P867	1
P8674	1
P8689	1
P8699	1
P87	1
P8701	1
P8705	1
P8709	1
P8714	1
P8717	1
P8719	1
P8755	1
P8761	1
P8766	1
P8798	1
P8799	1
P8807	1
P8812	1
P8819	1
P8839	1
P8847	1
P8852	1
P8858	1
P886	1
P8860	1
P8879	1
P8894	1
P8907	1
P8928	1
P8931	1
P8934	1
P8935	1
P8942	1
P8971	1
P8976	1
P898	1
P9004	1
P9009	1
P9025	1
P9042	1
P9047	1
P9071	1
P9088	1
P909	1
P9100	1
P9132	1
P9138	1
P9142	1
P9143	1
P9146	1
P9153	1
P9182	1
P9184	1
P9189	1
P9193	1
P9194	1
P9202	1
P9206	1
P9231	1
P9233	1
P924	1
P9271	1
P9281	1
P929	1
P9292	1
P9309	1
P9311	1
P9313	1
P9349	1
P9355	1
P9357	1
P9360	1
P9361	1
P9367	1
P9375	1
P9383	1
P9385	1
P9388	1
P9438	1
P945	1
P9457	1
P9459	1
P9461	1
P947	1
P9475	1
P9483	1
P9488	1
P9489	1
P9497	1
P9503	1
P9514	1
P9526	1
P9527	1
P9529	1
P9531	1
P9545	1
P9561	1
P9569	1
P9571	1
P9572	1
P9583	1
P9607	1
P9613	1
P9618	1
P9629	1
P9658	1
P9671	1
P9680	1
P9694	1
P9696	1
P9697	1
P9706	1
P9714	1
P9727	1
P9734	1
P9735	1
P9739	1
P9744	1
P9752	1
P9754	1
P9760	1
P9762	1
P9768	1
P9787	1
P9793	1
P9805	1
P9806	1
P9812	1
P9827	1
P9845	1
P9848	1
P9856	1
P9874	1
P9877	1
P9898	1
P9901	1
P9906	1
P9913	1
P9920	1
P9923	1
P9929	1
P9946	1
P9972	1
P9980	1
P9992	1
P9999	1
SUM	63161577