Referrer	Count Claims per Referrer
P3452	3229545
P691	3181255
P590	2020627
P594	1599069
P123	1271771
P662	1074306
P4638	1017148
P9300	963506
P3289	933233
P9109	870210
P3181	774309
P496	743486
P304	739971
P268	544386
P1769	503816
P1440	476590
P236	472491
P1216	446136
P3937	422397
P1065	420939
P434	391277
P6786	348581
P1047	336738
P2646	316499
P2253	296350
P2960	290089
P593	284136
P9789	260865
P345	257542
P2163	255485
P705	252263
P2427	249364
P10487	243246
P686	232601
P6844	229251
P98	221395
P1932	212753
P6736	211102
P3318	201752
P683	197556
P8433	196344
P4525	193907
P217	187013
P3430	183688
P1280	183341
P2249	183247
P4075	182750
P585	176591
P4663	174796
P1683	172105
P2880	169150
P4327	166727
P2701	161781
P1733	157240
P235	156818
P627	151647
P652	148754
P5997	145853
P724	135104
P9940	132852
P661	132510
P2926	131679
P792	127771
P958	113911
P1866	113848
P2446	113848
P1850	110099
P535	107183
P650	104844
P4381	104706
P791	102518
P269	99125
P1207	97086
P2477	95921
P6039	94145
P7411	89974
P244	88815
P50	87455
P10442	87129
P5270	86611
P6184	86148
P1953	85843
P478	84588
P6985	83604
P2566	81470
P245	81358
P5383	81282
P1402	78857
P243	76798
P10553	75189
P586	72423
P699	71618
P3517	69102
P8300	69046
P402	68760
P7293	67193
P1871	66907
P3865	66442
P3029	63708
P1184	61876
P1433	61728
P4789	60948
P1566	60178
P592	58409
P646	58329
P4119	57600
P8990	56589
P638	56331
P819	54924
P4861	54742
P3124	54350
P2461	54168
P9037	51654
P648	51302
P7848	50711
P1258	48269
P2410	48089
P213	47828
P7571	47561
P4293	47560
P3088	47143
P1447	46595
P2843	46280
P6104	46211
P9559	45972
P10554	44751
P651	41815
P2093	41562
P3217	41228
P7227	40793
P762	40601
P5019	39823
P5750	39539
P396	39318
P433	38798
P3782	38606
P3561	37490
P7624	36600
P7421	35700
P2639	35620
P3749	34793
P1819	34501
P6526	33770
P1315	33399
P1417	32815
P1614	32558
P902	32382
P1284	32195
P1459	31964
P10426	31401
P8286	31366
P5297	31361
P9622	31270
P3057	30297
P9715	30148
P8953	29797
P950	29621
P4819	29607
P4120	29137
P2605	28710
P11219	28506
P649	28480
P195	28257
P7526	28174
P4432	27342
P6594	27160
P3901	26958
P6634	26788
P8290	26748
P3406	26741
P9152	26577
P3605	26450
P687	26429
P6179	26147
P1233	25840
P3547	25673
P9905	25565
P1157	25246
P3160	25157
P8034	25124
P393	24983
P8172	24910
P3051	24760
P2871	24586
P10589	24343
P11351	24144
P7796	24054
P4459	23620
P6597	23420
P2367	23345
P1367	22765
P1146	22748
P1986	22245
P2014	21769
P1045	21755
P2174	21536
P7998	21423
P6127	20978
P1368	20636
P2601	20286
P8116	20062
P428	19922
P1220	19335
P9472	19304
P781	19115
P3630	19060
P1907	18829
P1827	18734
P8094	18653
P464	18307
P6264	18178
P856	17975
P4256	17959
P518	17945
P4124	17753
P9889	17717
P7831	17658
P1415	17454
P6188	17444
P2100	17428
P9322	17307
P3400	17226
P2481	17206
P1296	17119
P6925	17055
P839	16913
P3016	16837
P6194	16786
P2861	16702
P8732	16474
P8731	16319
P486	16305
P10112	15842
P5935	15773
P4130	15746
P5573	15722
P640	15689
P715	15558
P2750	15522
P8974	15434
P1480	15401
P528	15340
P5739	15303
P8301	15287
P6698	15198
P3973	15052
P10441	15036
P2870	14999
P9520	14996
P7902	14885
P2435	14878
P9543	14736
P3660	14606
P5567	14503
P7929	14271
P2015	14203
P8153	14179
P595	14139
P5327	13865
P3696	13862
P3898	13356
P3184	13312
P275	13123
P2383	12790
P1826	12766
P2091	12698
P906	12581
P2180	12563
P6782	12548
P1007	12486
P3957	12346
P7982	12288
P9394	12267
P3940	12080
P549	11964
P5034	11927
P4607	11889
P8189	11717
P3477	11703
P1341	11702
P2657	11528
P1144	11393
P9324	11239
P2862	11234
P5199	11180
P2268	11112
P5653	10780
P723	10715
P3903	10677
P4762	10625
P3427	10524
P3935	10028
P9232	9909
P6705	9890
P6815	9824
P2115	9727
P2671	9708
P4536	9684
P4464	9680
P8548	9668
P4118	9657
P4963	9615
P1711	9610
P1545	9464
P8800	9444
P716	9403
P8455	9377
P2699	9369
P3655	9369
P1214	9349
P2767	9192
P6722	9147
P5731	9104
P1254	9076
P10043	8980
P1988	8968
P6578	8927
P5375	8878
P4835	8868
P9695	8865
P8349	8793
P2694	8592
P1005	8561
P972	8546
P3047	8539
P5247	8526
P4632	8492
P3565	8434
P3541	8428
P8341	8424
P2889	8383
P953	8213
P9049	8211
P1808	8086
P1580	8083
P1248	8049
P1138	8018
P3368	7991
P4927	7915
P4087	7774
P2372	7751
P6262	7701
P8130	7596
P10563	7559
P6616	7514
P4342	7494
P497	7462
P5504	7429
P9163	7424
P7224	7423
P6821	7263
P536	7258
P4535	7224
P10522	7187
P2949	7148
P4133	7128
P3522	7088
P5011	7064
P5055	7008
P7637	6982
P2428	6976
P1967	6934
P633	6859
P9223	6846
P4766	6764
P9159	6721
P7260	6678
P8795	6649
P1816	6558
P1610	6557
P1599	6530
P2401	6485
P10856	6480
P7842	6457
P8129	6421
P3542	6409
P5491	6328
P6829	6316
P6213	6311
P3725	6307
P3637	6261
P1015	6194
P821	6167
P3711	6164
P9058	6123
P2342	6082
P6240	6082
P8707	6079
P291	6067
P6863	6059
P10253	6056
P4081	6042
P3571	5962
P8851	5863
P212	5854
P1324	5839
P1680	5768
P2062	5734
P2753	5722
P1059	5713
P4790	5673
P6465	5636
P5035	5611
P3841	5459
P6572	5454
P9441	5444
P11348	5392
P3636	5354
P2818	5343
P1541	5317
P1749	5169
P8302	5148
P1992	5094
P9391	5083
P6333	5081
P2016	5045
P6582	5038
P3316	5021
P3345	5004
P9492	4990
P4200	4974
P7837	4965
P8613	4943
P2447	4916
P9968	4909
P4658	4881
P4104	4842
P8482	4822
P2732	4789
P2600	4779
P5726	4770
P5952	4766
P1615	4756
P809	4716
P8366	4690
P3532	4688
P7416	4688
P4145	4647
P3598	4621
P5058	4590
P8303	4564
P1938	4557
P10056	4553
P8958	4548
P11149	4518
P6828	4494
P3666	4390
P3159	4383
P5224	4316
P2685	4309
P8762	4301
P9244	4264
P8521	4209
P2915	4178
P348	4150
P7534	4121
P3695	4066
P4399	4065
P10377	4026
P2333	3992
P8179	3975
P1343	3960
P3073	3960
P5395	3952
P2448	3939
P9670	3938
P350	3933
P1700	3918
P8367	3892
P347	3876
P3556	3859
P5885	3856
P8854	3855
P3987	3818
P10826	3817
P3053	3816
P570	3810
P1802	3804
P5570	3771
P4931	3744
P2349	3742
P8750	3741
P2944	3733
P6005	3729
P455	3712
P3694	3543
P2864	3540
P1225	3534
P2775	3529
P8581	3523
P11112	3514
P2280	3508
P1331	3490
P8578	3462
P2459	3411
P1186	3395
P6514	3329
P675	3298
P5933	3291
P2969	3285
P5080	3275
P3408	3270
P2704	3258
P5123	3236
P8985	3236
P3046	3223
P8912	3213
P4887	3205
P6567	3201
P4666	3140
P5789	3123
P4168	3121
P373	3118
P7133	3113
P1564	3098
P9051	3097
P9160	3096
P2042	3092
P2709	3066
P7032	3060
P4572	3052
P5081	3030
P957	3018
P10427	2964
P9167	2959
P3225	2956
P1025	2939
P7668	2938
P2454	2923
P3956	2896
P2941	2889
P1717	2878
P6536	2861
P1265	2827
P2181	2818
P5580	2817
P8998	2813
P5513	2811
P3765	2801
P2805	2768
P1795	2763
P2966	2743
P8803	2736
P1616	2725
P2728	2706
P6706	2658
P973	2648
P3616	2645
P1014	2642
P4332	2639
P4042	2624
P637	2617
P5324	2586
P10511	2567
P2977	2549
P10547	2544
P4417	2541
P6774	2540
P3286	2531
P5882	2529
P2642	2526
P477	2512
P8091	2510
P2191	2481
P2640	2478
P8656	2447
P4589	2444
P10448	2431
P2418	2420
P9085	2415
P9066	2407
P7564	2403
P7425	2402
P3936	2389
P2772	2370
P8849	2369
P8980	2368
P4282	2346
P6284	2342
P9506	2336
P10405	2324
P361	2313
P4203	2291
P6234	2275
P10551	2272
P3055	2255
P6109	2235
P6878	2213
P8616	2207
P3662	2201
P1042	2197
P3348	2195
P3684	2188
P10471	2186
P5164	2174
P10848	2170
P9264	2150
P2558	2148
P3961	2115
P10309	2106
P10667	2079
P1325	2078
P364	2078
P3629	2077
P6202	2073
P8168	2072
P3014	2066
P2537	2059
P2013	2051
P485	2042
P3502	2028
P5357	2018
P9625	2016
P4553	2015
P10109	2004
P349	2000
P2729	1994
P2745	1993
P2332	1991
P7597	1988
P7357	1986
P6321	1976
P1933	1975
P3683	1966
P8496	1965
P6715	1955
P1292	1947
P10383	1939
P4935	1938
P2002	1930
P8084	1917
P3222	1913
P10586	1899
P4911	1889
P4561	1887
P4759	1887
P6723	1875
P3151	1866
P10219	1857
P4228	1856
P5415	1845
P1307	1838
P9456	1819
P2574	1798
P225	1784
P5370	1778
P9247	1775
P1182	1772
P2398	1768
P4717	1767
P10221	1766
P2038	1761
P1344	1760
P1608	1731
P3681	1727
P1362	1724
P7036	1723
P8348	1719
P3495	1716
P6460	1711
P6199	1709
P2496	1693
P8249	1692
P6857	1691
P9807	1687
P10713	1686
P6865	1681
P170	1674
P5597	1667
P2991	1663
P2971	1659
P2773	1657
P3634	1653
P1729	1649
P5361	1642
P1153	1640
P3429	1633
P10301	1621
P6300	1615
P2538	1589
P3153	1584
P6197	1580
P6683	1579
P3748	1576
P4933	1575
P8402	1574
P8080	1565
P2207	1559
P409	1557
P92	1555
P2108	1544
P6015	1532
P6295	1532
P2799	1531
P8947	1524
P5005	1518
P9890	1517
P144	1508
P5628	1508
P7304	1492
P9267	1490
P1736	1489
P8200	1489
P6178	1485
P9299	1478
P6981	1476
P5226	1465
P4629	1459
P4731	1459
P9055	1451
P8777	1437
P2800	1430
P3072	1420
P4534	1420
P1651	1418
P3663	1418
P863	1418
P888	1415
P5611	1404
P9996	1404
P4751	1401
P6531	1386
P2776	1384
P10012	1380
P1263	1375
P10519	1370
P3619	1363
P3409	1350
P2025	1349
P5599	1345
P824	1345
P3544	1344
P5508	1339
P6581	1331
P2264	1325
P2774	1317
P3154	1317
P2953	1313
P4114	1313
P10873	1310
P6342	1304
P2529	1300
P9114	1297
P8235	1292
P3049	1289
P1055	1284
P5079	1284
P11281	1282
P3640	1282
P9699	1281
P6714	1278
P8311	1277
P9298	1262
P7509	1257
P3911	1250
P3820	1240
P2924	1238
P4063	1238
P790	1238
P8234	1227
P3603	1223
P2387	1222
P1788	1216
P5492	1216
P3807	1213
P5273	1212
P5510	1209
P1712	1203
P5239	1189
P2381	1185
P2778	1183
P8312	1178
P1807	1165
P1959	1164
P1989	1164
P3050	1161
P2278	1156
P1667	1148
P3699	1147
P2779	1142
P5564	1141
P2346	1129
P3074	1129
P1229	1127
P1320	1124
P2252	1111
P31	1110
P9301	1103
P2533	1101
P5308	1098
P3644	1094
P5404	1088
P892	1084
P7847	1081
P10155	1072
P2914	1071
P2780	1069
P1732	1063
P6411	1057
P4298	1055
P8662	1047
P9331	1044
P4259	1041
P9601	1039
P2755	1037
P1463	1034
P4992	1032
P5343	1031
P8861	1025
P2266	1023
P6228	1019
P3667	1015
P2777	1014
P3604	1013
P6645	1004
P6766	1004
P4109	1003
P1006	1002
P454	1002
P1243	994
P8432	994
P5142	991
P7944	983
P2273	977
P3187	976
P3965	974
P2985	973
P8591	972
P8385	970
P2930	966
P4687	966
P3302	964
P8728	963
P11271	956
P10001	955
P3219	954
P2188	951
P8081	949
P2041	937
P6302	935
P9083	932
P4303	928
P4532	927
P3908	924
P7918	921
P4724	918
P7436	913
P9686	907
P1288	905
P7595	904
P5331	902
P815	902
P9327	901
P1285	896
P10141	894
P5339	892
P8206	891
P3010	888
P1844	887
P3385	884
P4966	882
P9097	880
P9468	880
P1960	876
P9338	874
P3167	872
P4438	867
P1565	865
P7299	865
P5368	863
P3376	857
P7625	855
P5359	854
P2206	849
P9720	847
P5271	846
P3365	842
P3954	841
P8897	840
P8950	833
P3742	829
P3668	826
P3360	824
P4117	824
P7491	822
P1631	814
P4779	809
P8547	809
P846	806
P2334	798
P6153	798
P1391	794
P2592	793
P2081	792
P4848	792
P3652	790
P1364	782
P11340	781
P850	773
P6811	772
P3593	771
P6627	766
P4749	764
P8277	758
P2390	755
P6231	753
P2752	750
P1430	746
P3915	740
P8902	739
P9277	736
P9918	736
P457	732
P8690	730
P9199	723
P5101	720
P1977	715
P3647	714
P8133	713
P3861	710
P759	710
P8603	707
P1702	702
P9808	699
P1764	696
P2424	695
P4621	695
P2641	694
P6412	689
P2020	688
P2397	687
P5485	684
P7800	683
P3869	682
P9165	681
P9352	680
P3645	679
P4808	678
P8462	678
P1556	677
P5038	674
P9035	673
P4174	671
P1695	665
P8177	665
P1952	663
P380	662
P4796	661
P1739	658
P8098	658
P8134	658
P6156	657
P6181	657
P9647	657
P5387	656
P2940	649
P1707	646
P3577	646
P9276	643
P5645	642
P8747	641
P8588	640
P8326	638
P4491	637
P7666	635
P7305	633
P2088	632
P6317	631
P10545	630
P4186	627
P9823	625
P10925	622
P6982	622
P4620	620
P2990	619
P8636	618
P9619	615
P6515	610
P4005	608
P6988	608
P8914	607
P6770	601
P5325	600
P2549	595
P1954	591
P136	588
P4550	588
P3230	587
P679	580
P8544	578
P2622	576
P4177	575
P3788	574
P4391	572
P4773	570
P5505	570
P4528	567
P6851	560
P3347	559
P7655	552
P3745	551
P4574	545
P9129	545
P1931	542
P8143	542
P2005	539
P6778	539
P8635	539
P5794	535
P1891	533
P1710	532
P933	532
P2195	527
P9598	527
P4223	526
P1552	525
P4718	525
P5632	525
P2963	523
P8793	519
P7859	516
P1031	513
P6337	513
P797	513
P10168	506
P276	504
P8389	503
P3220	502
P481	501
P2726	500
P3241	498
P1934	497
P9449	493
P4285	491
P3298	490
P3106	488
P3280	487
P3791	485
P5749	485
P1291	482
P5104	480
P5821	479
P9624	478
P3691	475
P5661	474
P1708	473
P3218	473
P7213	473
P9339	471
P8572	468
P10488	464
P4804	464
P2369	463
P5476	462
P2029	457
P1728	456
P3023	455
P3658	455
P4539	454
P5341	453
P7203	453
P8313	453
P7935	449
P3339	446
P2003	444
P3690	442
P5394	442
P9415	440
P3394	436
P1699	435
P1156	434
P4498	434
P9786	434
P2277	432
P3138	431
P1920	430
P2945	430
P4610	428
P8493	428
P1818	427
P804	427
P2973	426
P9507	426
P2037	424
P961	424
P4262	423
P6105	422
P3226	421
P4074	420
P5223	420
P1908	419
P3608	419
P4158	416
P3786	415
P6721	415
P3615	413
P3595	412
P5587	411
P1316	410
P4991	409
P5683	405
P1609	402
P3659	402
P5736	400
P3418	399
P4264	399
P5246	399
P3107	397
P10789	394
P2168	394
P3554	394
P6827	394
P2087	392
P3573	392
P1104	390
P4891	390
P6926	389
P7520	389
P5875	386
P8794	385
P996	382
P3109	381
P3678	380
P4636	378
P685	378
P6746	377
P4885	373
P1274	372
P9455	371
P1679	370
P4945	370
P4319	367
P9255	366
P3392	365
P4206	362
P4781	362
P6366	362
P818	362
P5558	361
P6386	361
P6750	361
P7545	361
P10314	360
P5852	358
P8880	357
P9251	356
P2270	353
P6521	353
P7618	352
P3728	351
P5842	351
P2813	348
P10086	346
P421	346
P10931	345
P6954	343
P2099	342
P1544	341
P9623	341
P3923	340
P9144	338
P9534	338
P4690	336
P508	334
P9211	334
P9113	330
P10689	327
P2340	327
P4093	327
P6693	327
P4742	326
P8336	325
P7105	324
P3680	322
P8821	322
P10458	319
P11315	319
P2526	316
P8406	316
P6479	314
P4359	313
P1185	312
P8520	310
P2604	309
P3421	309
P10677	307
P836	307
P5493	306
P8044	306
P3171	304
P625	304
P8219	300
P9995	299
P3686	297
P8149	297
P2399	296
P5745	294
P21	292
P9017	292
P8463	291
P5329	290
P7444	289
P3906	288
P4397	286
P905	286
P4895	285
P6399	284
P1563	282
P4404	282
P6316	282
P1422	281
P5469	280
P4737	279
P858	279
P3305	278
P5321	278
P7038	277
P9433	277
P1305	276
P10213	275
P7128	275
P2697	274
P2698	273
P4276	271
P6728	271
P8165	271
P718	270
P4231	269
P6150	269
P6474	269
P9179	269
P3180	268
P4854	268
P3661	267
P4650	266
P2458	265
P7474	265
P8589	265
P5908	264
P4643	263
P6371	263
P7575	262
P8441	262
P1825	261
P6119	260
P4903	259
P960	258
P10976	257
P6796	256
P3848	255
P4026	255
P8805	255
P10283	253
P4601	252
P8951	252
P10042	251
P1705	250
P4585	249
P5037	248
P9201	248
P11339	247
P4129	247
P4013	246
P4581	246
P6314	245
P8678	245
P9627	245
P10018	244
P7992	244
P4730	243
P5374	243
P5409	242
P6495	241
P3581	239
P5815	239
P4862	238
P5408	237
P6362	235
P8061	235
P9841	235
P1551	234
P1684	234
P9713	234
P9865	234
P2432	232
P9541	232
P2347	231
P7578	231
P8655	231
P865	230
P1726	229
P5259	229
P2483	228
P8122	226
P11361	225
P4021	225
P4985	225
P8633	225
P2484	224
P436	223
P5944	222
P9036	222
P10881	221
P5981	221
P4439	220
P3197	218
P8239	217
P6864	216
P3599	215
P4273	215
P569	215
P9603	215
P2449	214
P6305	214
P8833	213
P5161	211
P9426	209
P3344	208
P7769	208
P1133	207
P1741	207
P3825	207
P4053	206
P4476	206
P9044	206
P10484	205
P4289	204
P2536	203
P3620	203
P4283	203
P6201	203
P805	202
P3108	200
P4493	200
P5421	200
P6792	200
P8281	200
P8680	200
P2696	199
P4701	199
P2169	198
P11282	197
P1278	197
P6944	197
P7939	197
P9155	197
P10291	196
P3351	196
P3829	196
P4066	196
P5148	196
P7695	196
P8804	196
P8988	196
P9535	196
P2764	195
P7986	195
P3134	194
P8903	194
P9053	194
P2092	193
P4727	192
P7294	192
P889	191
P6329	190
P4451	189
P8169	189
P9076	189
P9610	189
P359	188
P10029	187
P1607	187
P6265	185
P7663	185
P10678	184
P4860	184
P4970	184
P5147	184
P4683	183
P6488	183
P2182	182
P271	182
P3410	182
P4917	182
P1899	181
P3272	181
P3926	181
P4156	181
P4164	181
P3277	180
P4258	180
P2412	178
P512	177
P9178	177
P757	176
P838	176
P7820	175
P827	175
P8944	175
P4947	174
P8982	173
P1381	172
P6486	172
P9245	172
P2829	171
P480	171
P571	171
P5115	170
P5498	170
P6107	170
P5971	169
P7619	169
P5648	168
P6891	168
P9011	168
P5858	166
P9282	166
P4894	165
P5598	165
P9248	165
P9392	165
P10552	164
P4314	164
P9701	164
P11087	163
P1648	163
P4427	163
P5384	163
P1212	161
P1804	161
P4248	161
P10013	160
P10020	160
P11114	160
P7081	160
P1745	159
P4813	158
P3703	157
P6892	157
P8575	157
P10929	156
P19	156
P6804	156
P9335	156
P9522	156
P9665	156
P1421	155
P4281	155
P938	155
P5435	154
P8853	154
P8855	154
P3325	153
P10776	152
P4263	152
P4407	152
P7136	152
P1902	151
P7208	151
P7214	151
P8282	151
P9447	151
P9641	151
P10090	150
P1375	150
P1955	150
P2561	150
P3443	150
P3744	150
P10243	149
P4840	149
P7414	149
P4613	148
P7613	148
P2687	147
P4898	147
P6311	147
P664	147
P10928	146
P1237	146
P3951	146
P4943	146
P709	146
P8545	146
P10031	145
P8696	145
P1473	144
P2613	144
P6551	143
P2751	142
P5644	142
P8383	142
P1442	141
P435	141
P4829	141
P5392	141
P9536	141
P9266	140
P10832	139
P4769	139
P2602	138
P3638	138
P3657	138
P5540	138
P106	137
P10833	137
P5698	137
P9952	137
P1260	136
P4955	136
P935	136
P5636	135
P1317	134
P3021	134
P3332	134
P3377	134
P6192	133
P7303	133
P9772	133
P2476	132
P3389	132
P8870	132
P11350	131
P4085	130
P4108	130
P5316	130
P939	130
P9692	130
P9070	129
P6421	128
P2004	127
P7583	127
P7670	127
P7749	126
P3209	125
P3293	125
P4965	125
P5344	125
P6091	125
P9942	125
P4315	123
P11130	122
P9408	122
P963	122
P3837	121
P4249	121
P6012	121
P9654	121
P10700	120
P2323	120
P3361	120
P5007	120
P5098	119
P5437	119
P4127	118
P7954	118
P11173	117
P8376	117
P9430	117
P11098	116
P2456	116
P6833	116
P8523	116
P9287	116
P4401	115
P5267	115
P6077	115
P7570	115
P10064	114
P10331	114
P1266	114
P3120	114
P3283	114
P4051	114
P4062	114
P6717	114
P7685	114
P4681	113
P7459	113
P11241	112
P1985	112
P424	112
P4483	112
P5323	112
P6241	112
P7857	112
P8238	112
P1555	111
P1771	111
P3527	111
P4481	111
P5006	111
P2741	110
P3567	110
P5984	110
P6776	110
P7100	110
P747	110
P7569	110
P8669	110
P9111	110
P949	110
P10116	109
P2721	109
P3507	109
P4744	109
P9029	109
P9081	109
P10514	108
P2798	108
P4267	108
P5463	108
P8069	108
P8948	108
P10880	107
P3352	107
P6126	107
P8713	107
P9466	107
P1472	106
P3844	106
P4625	106
P7646	106
P3446	105
P5232	105
P8161	105
P2011	104
P2080	104
P5478	104
P11152	103
P9661	103
P1627	102
P8507	102
P9460	102
P1380	101
P4929	101
P7463	101
P8826	101
P2525	100
P9246	100
P10069	99
P10085	99
P10480	99
P1670	99
P1409	98
P4612	98
P5219	98
P9562	98
P9814	98
P9875	98
P1562	97
P3192	97
P3314	97
P4879	97
P5574	97
P7697	97
P8643	97
P8923	97
P11223	96
P2071	96
P282	96
P5549	96
P7232	96
P2070	95
P4780	95
P6760	95
P7461	95
P9104	95
P9965	95
P1070	94
P1230	94
P3953	94
P4086	94
P4514	94
P4772	94
P6694	94
P6839	94
P10525	93
P11044	93
P2689	93
P4025	93
P6018	93
P7132	93
P7343	93
P8256	93
P10051	92
P1276	92
P2205	92
P2909	92
P3537	92
P5332	92
P5380	92
P7389	92
P8350	92
P11150	91
P5783	91
P665	91
P9656	91
P18	90
P5076	90
P7662	90
P7941	90
P8007	90
P10775	89
P6315	89
P7002	89
P7349	89
P7682	89
P8748	89
P10226	88
P2603	88
P281	88
P4682	88
P6375	88
P7012	88
P8995	88
P9684	88
P137	87
P1663	87
P5454	87
P8089	87
P9822	87
P1256	86
P2315	86
P3673	86
P7440	86
P7589	86
P966	86
P9853	86
P10674	85
P27	85
P4123	85
P9261	85
P10791	84
P1996	84
P6145	84
P7644	84
P9181	84
P9912	84
P10092	83
P10351	83
P2936	83
P3012	83
P6605	83
P9106	83
P3929	82
P5654	82
P7043	82
P9685	82
P1869	81
P3798	81
P3888	81
P7943	81
P8468	81
P1949	80
P7901	80
P921	80
P9467	80
P10620	79
P5107	79
P7076	79
P8132	79
P8975	79
P951	79
P9690	79
P9994	79
P3040	78
P4457	78
P4704	78
P5641	78
P8392	78
P3478	77
P9756	77
P10436	76
P10886	76
P2469	76
P2908	76
P3388	76
P5200	76
P5432	76
P5813	76
P6610	76
P1053	75
P1282	75
P1957	75
P8002	75
P8649	75
P9846	75
P10160	74
P10657	74
P1273	74
P2725	74
P3052	74
P3635	74
P37	74
P5050	74
P6552	74
P7400	74
P7594	74
P8569	74
P2400	73
P2485	73
P6678	73
P9563	73
P9585	73
P1842	72
P8065	72
P9482	72
P2509	71
P3299	71
P5266	71
P69	71
P9326	71
P9646	71
P1085	70
P1600	70
P2470	70
P5791	70
P10709	69
P175	69
P194	69
P20	69
P2943	69
P3832	69
P4011	69
P5499	69
P7886	69
P9404	69
P11189	68
P2638	68
P3065	68
P3123	68
P3168	68
P4619	68
P7288	68
P8562	68
P8740	68
P10536	67
P10979	67
P11084	67
P1727	67
P2242	67
P8207	67
P9553	67
P10971	66
P1416	66
P2026	66
P2868	66
P3669	66
P8809	66
P9951	66
P1573	65
P1801	65
P1882	65
P4544	65
P5346	65
P5818	65
P6010	65
P6903	65
P7388	65
P7546	65
P7808	65
P812	65
P8439	65
P8580	65
P8657	65
P9594	65
P1669	64
P179	64
P6123	64
P6416	64
P8013	64
P9046	64
P1001	63
P1581	63
P2409	63
P2581	63
P4471	63
P6535	63
P6618	63
P11063	62
P437	62
P6279	62
P760	62
P7699	62
P8749	62
P11019	61
P1250	61
P2867	61
P2967	61
P4505	61
P732	61
P8563	61
P9285	61
P4720	60
P9423	60
P10416	59
P3794	59
P4286	59
P5306	59
P7519	59
P7868	59
P8723	59
P9984	59
P10060	58
P3211	58
P476	58
P4892	58
P4993	58
P6023	58
P8085	58
P8158	58
P8295	58
P8759	58
P11194	57
P3203	57
P7775	57
P8612	57
P10793	56
P126	56
P1448	56
P4003	56
P4549	56
P4786	56
P4869	56
P5742	56
P9226	56
P10561	55
P1246	55
P1584	55
P1874	55
P3372	55
P3939	55
P4513	55
P6404	55
P7467	55
P7593	55
P8106	55
P8388	55
P8772	55
P9525	55
P9556	55
P9780	55
P1896	54
P3914	54
P4814	54
P5531	54
P5646	54
P8590	54
P8788	54
P10978	53
P1838	53
P3420	53
P3525	53
P3626	53
P3702	53
P4023	53
P4024	53
P5220	53
P5534	53
P6147	53
P6476	53
P774	53
P7753	53
P8752	53
P1159	52
P1665	52
P4548	52
P4590	52
P4901	52
P5663	52
P6407	52
P7533	52
P2621	51
P2631	51
P3413	51
P3475	51
P3575	51
P4241	51
P5532	51
P6359	51
P6595	51
P6617	51
P7052	51
P8267	51
P9791	51
P2241	50
P3642	50
P4657	50
P5033	50
P7127	50
P8758	50
P10618	49
P1303	49
P1772	49
P1848	49
P3980	49
P4716	49
P4795	49
P4868	49
P5721	49
P6520	49
P7851	49
P7958	49
P9564	49
P9736	49
P10033	48
P10046	48
P10231	48
P2830	48
P2850	48
P4983	48
P5612	48
P7690	48
P7993	48
P8648	48
P9054	48
P9691	48
P10576	47
P2801	47
P2860	47
P3726	47
P4015	47
P4373	47
P4761	47
P4939	47
P4953	47
P6006	47
P6290	47
P7319	47
P7572	47
P9256	47
P999	47
P10041	46
P3304	46
P3925	46
P4313	46
P4836	46
P641	46
P7432	46
P7951	46
P9005	46
P9366	46
P9501	46
P10082	45
P10126	45
P10538	45
P10842	45
P11336	45
P1314	45
P3141	45
P3288	45
P3843	45
P6152	45
P6480	45
P9105	45
P9640	45
P11215	44
P1822	44
P2019	44
P3206	44
P3697	44
P4141	44
P4171	44
P4192	44
P4372	44
P4465	44
P4490	44
P4659	44
P4956	44
P6263	44
P7363	44
P7430	44
P745	44
P8261	44
P8716	44
P11091	43
P11099	43
P2008	43
P2626	43
P3790	43
P3863	43
P3868	43
P4065	43
P4928	43
P5128	43
P5227	43
P7615	43
P7934	43
P9634	43
P1004	42
P166	42
P3309	42
P3412	42
P3924	42
P5068	42
P5957	42
P7118	42
P758	42
P8135	42
P965	42
P10299	41
P10562	41
P11186	41
P1893	41
P2723	41
P4012	41
P4904	41
P4936	41
P5905	41
P6484	41
P653	41
P7013	41
P7176	41
P7259	41
P7395	41
P7686	41
P8694	41
P9020	41
P9024	41
P9743	41
P10767	40
P11022	40
P4182	40
P5015	40
P5284	40
P6166	40
P6550	40
P7465	40
P8567	40
P8574	40
P8631	40
P8695	40
P9000	40
P9477	40
P9842	40
P249	39
P3977	39
P4159	39
P6111	39
P6633	39
P6773	39
P7689	39
P7691	39
P8083	39
P8100	39
P8335	39
P9093	39
P9589	39
P9811	39
P9884	39
P9948	39
P2378	38
P3808	38
P4084	38
P5298	38
P6227	38
P6563	38
P763	38
P7849	38
P8067	38
P8445	38
P8478	38
P8960	38
P1044	37
P2508	37
P2582	37
P3059	37
P4101	37
P4611	37
P5158	37
P5462	37
P7991	37
P8565	37
P9592	37
P10016	36
P10266	36
P10915	36
P112	36
P1412	36
P2164	36
P2281	36
P2322	36
P4470	36
P5494	36
P5747	36
P6002	36
P6517	36
P7883	36
P8024	36
P9117	36
P10333	35
P10343	35
P11077	35
P2031	35
P2193	35
P3196	35
P4082	35
P5184	35
P6071	35
P6387	35
P655	35
P7054	35
P7707	35
P8156	35
P9330	35
P9637	35
P10467	34
P10918	34
P11066	34
P2736	34
P3185	34
P4946	34
P5626	34
P6158	34
P6467	34
P800	34
P8317	34
P8909	34
P9062	34
P9502	34
P9863	34
P9932	34
P2186	33
P3038	33
P3265	33
P3539	33
P5002	33
P5732	33
P7893	33
P8068	33
P8240	33
P8280	33
P8718	33
P10660	32
P10879	32
P1149	32
P2339	32
P3350	32
P3538	32
P3769	32
P3783	32
P5319	32
P5904	32
P5925	32
P7323	32
P7562	32
P7880	32
P8783	32
P9443	32
P1019	31
P10647	31
P10958	31
P2034	31
P2754	31
P3545	31
P4598	31
P4823	31
P4948	31
P7522	31
P7962	31
P9003	31
P9137	31
P9272	31
P10044	30
P10404	30
P10429	30
P1234	30
P1366	30
P1629	30
P1755	30
P186	30
P2190	30
P4106	30
P4352	30
P4429	30
P4529	30
P4617	30
P4738	30
P4972	30
P5088	30
P6169	30
P6584	30
P6734	30
P6745	30
P7313	30
P7741	30
P8092	30
P8365	30
P8415	30
P8499	30
P866	30
P8776	30
P8997	30
P9249	30
P9966	30
P10030	29
P127	29
P1644	29
P1828	29
P240	29
P3589	29
P3916	29
P3918	29
P4028	29
P5218	29
P5355	29
P7350	29
P8782	29
P9938	29
P1428	28
P1847	28
P1935	28
P2338	28
P2450	28
P3098	28
P4821	28
P4890	28
P5198	28
P5617	28
P5819	28
P6548	28
P6765	28
P7723	28
P8814	28
P9833	28
P10289	27
P1329	27
P1746	27
P1961	27
P1982	27
P3267	27
P4616	27
P5786	27
P5916	27
P5999	27
P6283	27
P6414	27
P6419	27
P6756	27
P6762	27
P6921	27
P7092	27
P735	27
P9439	27
P9458	27
P962	27
P9642	27
P9718	27
P10711	26
P10799	26
P11067	26
P11111	26
P1730	26
P2471	26
P2812	26
P3077	26
P3233	26
P3591	26
P3962	26
P467	26
P4673	26
P4757	26
P5388	26
P5515	26
P6764	26
P7772	26
P7864	26
P8246	26
P8895	26
P8954	26
P9858	26
P9880	26
P10366	25
P10369	25
P2344	25
P3163	25
P3846	25
P3984	25
P4128	25
P4380	25
P527	25
P591	25
P6725	25
P7910	25
P830	25
P9374	25
P9450	25
P9751	25
P9855	25
P1054	24
P11036	24
P11301	24
P154	24
P180	24
P3407	24
P5029	24
P5253	24
P5269	24
P5310	24
P5390	24
P5552	24
P5770	24
P6034	24
P6132	24
P7085	24
P7928	24
P8019	24
P8060	24
P8104	24
P864	24
P8888	24
P9409	24
P9783	24
P9958	24
P10096	23
P1027	23
P10792	23
P1385	23
P1542	23
P2373	23
P3175	23
P3307	23
P3390	23
P3900	23
P3995	23
P462	23
P4706	23
P4732	23
P5160	23
P5338	23
P5436	23
P6331	23
P6628	23
P6673	23
P6713	23
P742	23
P7700	23
P8687	23
P9269	23
P9470	23
P9588	23
P9738	23
P9761	23
P9843	23
P10239	22
P10307	22
P1441	22
P1752	22
P2464	22
P2703	22
P2722	22
P3276	22
P3533	22
P4652	22
P4906	22
P495	22
P5008	22
P5203	22
P5614	22
P5657	22
P5716	22
P5719	22
P6124	22
P7445	22
P7507	22
P7626	22
P7717	22
P793	22
P8151	22
P845	22
P8780	22
P8848	22
P9010	22
P9110	22
P9136	22
P9626	22
P9967	22
P1026	21
P10399	21
P10510	21
P11182	21
P11360	21
P1267	21
P162	21
P2635	21
P267	21
P2678	21
P3414	21
P3857	21
P3913	21
P5171	21
P5418	21
P6174	21
P6406	21
P6409	21
P6615	21
P6726	21
P6777	21
P7285	21
P7359	21
P8101	21
P8583	21
P8899	21
P9164	21
P9485	21
P9581	21
P9710	21
P10391	20
P10529	20
P10883	20
P161	20
P1886	20
P1968	20
P2032	20
P2234	20
P2306	20
P2385	20
P2816	20
P3136	20
P3155	20
P3353	20
P3588	20
P3814	20
P3883	20
P4328	20
P4606	20
P4989	20
P5470	20
P5693	20
P5734	20
P5797	20
P5983	20
P6278	20
P6420	20
P6941	20
P7026	20
P7231	20
P7286	20
P7333	20
P7471	20
P7797	20
P7874	20
P8568	20
P9012	20
P9212	20
P10968	19
P1239	19
P1255	19
P1650	19
P184	19
P2482	19
P2748	19
P2892	19
P449	19
P4722	19
P4782	19
P4930	19
P5272	19
P5365	19
P5603	19
P57	19
P6949	19
P767	19
P7737	19
P7803	19
P8105	19
P8140	19
P8653	19
P8978	19
P9921	19
P10252	18
P10298	18
P103	18
P10422	18
P10632	18
P2030	18
P2539	18
P2636	18
P2824	18
P2847	18
P3126	18
P3145	18
P3237	18
P3520	18
P3646	18
P3785	18
P3899	18
P3927	18
P410	18
P4216	18
P4227	18
P4301	18
P4660	18
P4665	18
P4692	18
P5099	18
P5288	18
P5385	18
P5715	18
P5956	18
P6161	18
P6218	18
P669	18
P671	18
P7027	18
P7149	18
P7222	18
P730	18
P7372	18
P8607	18
P8610	18
P9337	18
P9682	18
P9781	18
P10222	17
P10244	17
P10270	17
P10453	17
P1058	17
P1071	17
P1270	17
P1299	17
P140	17
P1559	17
P1823	17
P1984	17
P2354	17
P2441	17
P2498	17
P2825	17
P3058	17
P3212	17
P3481	17
P3767	17
P3845	17
P4009	17
P413	17
P4389	17
P4494	17
P465	17
P4674	17
P4797	17
P494	17
P5502	17
P5539	17
P5615	17
P5796	17
P6058	17
P6177	17
P6636	17
P7131	17
P7433	17
P7550	17
P7908	17
P8372	17
P8381	17
P860	17
P9088	17
P9292	17
P9357	17
P9473	17
P9919	17
P9988	17
P10585	16
P1072	16
P10753	16
P10801	16
P10963	16
P1469	16
P1972	16
P1979	16
P2047	16
P2276	16
P2521	16
P3056	16
P3064	16
P3297	16
P3346	16
P3468	16
P3548	16
P3677	16
P4354	16
P4524	16
P4592	16
P4662	16
P4689	16
P4713	16
P4723	16
P5245	16
P5301	16
P5340	16
P5362	16
P5562	16
P6992	16
P7164	16
P7502	16
P7555	16
P7678	16
P7681	16
P7688	16
P7931	16
P8148	16
P8342	16
P842	16
P8434	16
P8992	16
P9227	16
P9910	16
P10114	15
P10870	15
P10987	15
P11195	15
P11230	15
P11359	15
P1535	15
P2335	15
P2771	15
P3274	15
P3576	15
P3685	15
P371	15
P3856	15
P40	15
P4027	15
P4694	15
P4712	15
P4760	15
P4934	15
P4944	15
P5398	15
P5419	15
P6159	15
P6224	15
P6239	15
P6424	15
P6494	15
P6646	15
P7041	15
P7106	15
P7324	15
P7399	15
P7435	15
P7452	15
P7480	15
P7656	15
P7798	15
P7977	15
P8038	15
P8051	15
P8325	15
P8446	15
P8532	15
P9004	15
P9009	15
P9039	15
P9332	15
P937	15
P9442	15
P9650	15
P968	15
P9795	15
P9815	15
P9985	15
P10187	14
P10864	14
P10943	14
P11252	14
P1135	14
P119	14
P138	14
P1394	14
P1529	14
P1747	14
P1976	14
P2350	14
P2382	14
P242	14
P2423	14
P2795	14
P2897	14
P3142	14
P3169	14
P3405	14
P3411	14
P3417	14
P360	14
P3607	14
P3851	14
P3887	14
P3946	14
P4019	14
P4056	14
P4069	14
P412	14
P4138	14
P4461	14
P4516	14
P4633	14
P4700	14
P4721	14
P5176	14
P5360	14
P5712	14
P5963	14
P6016	14
P6208	14
P6276	14
P6327	14
P6501	14
P6690	14
P6775	14
P6979	14
P7236	14
P7314	14
P7369	14
P749	14
P7926	14
P8041	14
P8137	14
P8159	14
P8199	14
P829	14
P8541	14
P8721	14
P9048	14
P94	14
P9483	14
P9568	14
P10431	13
P1048	13
P1449	13
P1602	13
P169	13
P1716	13
P1803	13
P2465	13
P2857	13
P301	13
P3114	13
P3425	13
P3435	13
P3653	13
P3766	13
P3912	13
P3960	13
P4033	13
P4083	13
P4204	13
P4278	13
P4533	13
P5364	13
P5441	13
P5473	13
P576	13
P597	13
P6	13
P607	13
P629	13
P630	13
P6583	13
P6738	13
P6791	13
P6848	13
P7119	13
P7195	13
P7298	13
P7403	13
P7930	13
P7989	13
P8287	13
P8292	13
P8299	13
P8370	13
P8577	13
P9095	13
P9407	13
P9614	13
P9621	13
P9707	13
P9964	13
P11032	12
P1190	12
P1235	12
P1346	12
P1532	12
P159	12
P2048	12
P2284	12
P2431	12
P2916	12
P2951	12
P3295	12
P3434	12
P3449	12
P3621	12
P3631	12
P3847	12
P3862	12
P3874	12
P4684	12
P4959	12
P509	12
P5275	12
P5354	12
P5538	12
P5643	12
P5823	12
P5849	12
P5958	12
P5986	12
P6114	12
P6141	12
P6297	12
P6323	12
P6837	12
P6937	12
P7033	12
P7622	12
P7896	12
P7916	12
P8039	12
P8251	12
P8297	12
P8501	12
P8534	12
P86	12
P894	12
P8943	12
P9091	12
P9118	12
P9141	12
P9510	12
P9636	12
P9785	12
P9870	12
P10295	11
P10297	11
P10565	11
P10782	11
P1092	11
P11057	11
P11228	11
P1191	11
P1294	11
P1436	11
P1477	11
P1481	11
P1630	11
P1890	11
P2044	11
P22	11
P2209	11
P231	11
P2727	11
P2888	11
P2905	11
P3101	11
P3258	11
P3301	11
P3343	11
P3373	11
P3633	11
P3664	11
P3692	11
P3714	11
P3740	11
P3789	11
P3800	11
P4054	11
P4144	11
P4357	11
P4450	11
P451	11
P463	11
P5143	11
P5241	11
P5396	11
P5601	11
P5629	11
P6099	11
P6108	11
P6167	11
P6269	11
P6674	11
P6749	11
P696	11
P708	11
P7228	11
P7517	11
P7687	11
P7696	11
P7969	11
P8072	11
P8108	11
P8125	11
P8223	11
P8540	11
P8585	11
P8761	11
P8767	11
P8996	11
P9026	11
P9345	11
P9446	11
P9578	11
P9620	11
P9658	11
P9767	11
P10874	10
P11083	10
P11234	10
P1251	10
P1309	10
P1554	10
P1645	10
P172	10
P1947	10
P1970	10
P1980	10
P2194	10
P26	10
P2730	10
P279	10
P2819	10
P2950	10
P2987	10
P3257	10
P3273	10
P3393	10
P3505	10
P3516	10
P3943	10
P4073	10
P4076	10
P4089	10
P4175	10
P4390	10
P4409	10
P4726	10
P4798	10
P5075	10
P5102	10
P5530	10
P5680	10
P6082	10
P613	10
P6313	10
P6398	10
P673	10
P6845	10
P6870	10
P6947	10
P7029	10
P7135	10
P7142	10
P731	10
P7438	10
P7591	10
P7722	10
P7783	10
P7785	10
P8269	10
P8347	10
P8608	10
P861	10
P8634	10
P8660	10
P8711	10
P8802	10
P9108	10
P9135	10
P9258	10
P9291	10
P9434	10
P9504	10
P9524	10
P9754	10
P981	10
P9903	10
P1038	9
P10508	9
P10513	9
P10715	9
P1082	9
P10887	9
P11074	9
P11088	9
P1352	9
P157	9
P1813	9
P1895	9
P1958	9
P2187	9
P2255	9
P2559	9
P2572	9
P2611	9
P2734	9
P2740	9
P3045	9
P3083	9
P3105	9
P3215	9
P3221	9
P3528	9
P3609	9
P366	9
P4050	9
P4100	9
P4208	9
P4360	9
P4421	9
P4508	9
P452	9
P4559	9
P4591	9
P4725	9
P4768	9
P488	9
P4905	9
P5172	9
P5229	9
P5240	9
P5290	9
P5372	9
P5407	9
P5414	9
P5459	9
P551	9
P5571	9
P5652	9
P5691	9
P6663	9
P6853	9
P6886	9
P6987	9
P7005	9
P7008	9
P7028	9
P734	9
P7397	9
P7498	9
P7609	9
P7865	9
P7875	9
P8109	9
P8210	9
P8315	9
P8576	9
P8604	9
P8666	9
P8850	9
P8999	9
P9511	9
P9708	9
P9802	9
P9836	9
P10349	8
P10387	8
P10396	8
P10725	8
P1083	8
P10889	8
P11041	8
P11055	8
P11065	8
P1219	8
P1252	8
P1281	8
P1348	8
P2040	8
P2452	8
P2492	8
P2598	8
P2607	8
P2619	8
P2676	8
P2695	8
P272	8
P2733	8
P2804	8
P2842	8
P2922	8
P297	8
P3005	8
P3401	8
P3470	8
P3614	8
P374	8
P3796	8
P3835	8
P3894	8
P3959	8
P4014	8
P4300	8
P4326	8
P4356	8
P458	8
P4588	8
P4605	8
P4672	8
P4702	8
P4824	8
P4872	8
P5363	8
P5417	8
P5464	8
P5496	8
P5619	8
P5757	8
P58	8
P580	8
P6103	8
P6216	8
P6244	8
P6307	8
P6385	8
P6423	8
P6568	8
P6579	8
P674	8
P676	8
P6767	8
P6868	8
P6945	8
P7110	8
P7234	8
P7423	8
P7437	8
P7709	8
P7819	8
P7978	8
P8214	8
P823	8
P8355	8
P8528	8
P8595	8
P8599	8
P8617	8
P8619	8
P8630	8
P8632	8
P885	8
P8946	8
P9067	8
P9143	8
P9173	8
P9185	8
P9288	8
P9469	8
P9575	8
P959	8
P9631	8
P9755	8
P10052	7
P10335	7
P10363	7
P10641	7
P1066	7
P1204	7
P1257	7
P1318	7
P1840	7
P1875	7
P1936	7
P2006	7
P2078	7
P219	7
P220	7
P2267	7
P2348	7
P2355	7
P25	7
P2655	7
P298	7
P299	7
P3048	7
P3069	7
P3089	7
P3234	7
P3363	7
P3500	7
P3546	7
P3689	7
P3747	7
P381	7
P3882	7
P3907	7
P3945	7
P4110	7
P425	7
P4560	7
P460	7
P4816	7
P4839	7
P503	7
P5094	7
P5108	7
P5337	7
P539	7
P5687	7
P5705	7
P6113	7
P6255	7
P6282	7
P6373	7
P6491	7
P6502	7
P6528	7
P6575	7
P6744	7
P6999	7
P7051	7
P7287	7
P7404	7
P7504	7
P7580	7
P7588	7
P7620	7
P7807	7
P7942	7
P7948	7
P8371	7
P8422	7
P8440	7
P8725	7
P8729	7
P9243	7
P9280	7
P9432	7
P9474	7
P9495	7
P9498	7
P9519	7
P9586	7
P9672	7
P9766	7
P9871	7
P9956	7
P10205	6
P10227	6
P10325	6
P10337	6
P10437	6
P1050	6
P10518	6
P10702	6
P10706	6
P10910	6
P10951	6
P110	6
P11025	6
P11078	6
P11121	6
P1232	6
P1268	6
P1400	6
P1427	6
P1444	6
P1451	6
P1579	6
P1585	6
P1619	6
P1706	6
P1889	6
P2503	6
P264	6
P2666	6
P3003	6
P3503	6
P3504	6
P3513	6
P3549	6
P3601	6
P3651	6
P3665	6
P3804	6
P3830	6
P3944	6
P4008	6
P4096	6
P41	6
P4102	6
P4265	6
P4284	6
P4367	6
P4434	6
P4462	6
P4474	6
P4503	6
P4576	6
P4651	6
P4739	6
P4802	6
P4803	6
P4980	6
P5032	6
P5036	6
P5149	6
P5182	6
P5264	6
P53	6
P5303	6
P5320	6
P5377	6
P5403	6
P5489	6
P5586	6
P5776	6
P5891	6
P5985	6
P599	6
P6008	6
P6036	6
P611	6
P6110	6
P6164	6
P6298	6
P6652	6
P6866	6
P6874	6
P701	6
P703	6
P7037	6
P7050	6
P706	6
P7116	6
P7279	6
P7300	6
P7352	6
P7466	6
P7778	6
P7846	6
P7877	6
P7952	6
P8022	6
P8074	6
P8166	6
P8175	6
P8231	6
P8264	6
P8408	6
P8717	6
P884	6
P8896	6
P8907	6
P8964	6
P9001	6
P9033	6
P909	6
P9328	6
P9371	6
P9486	6
P9490	6
P9509	6
P9527	6
P9653	6
P9728	6
P9826	6
P10	5
P10023	5
P10121	5
P10233	5
P10242	5
P10296	5
P1037	5
P10371	5
P10419	5
P10485	5
P10662	5
P109	5
P11076	5
P11104	5
P1113	5
P1213	5
P135	5
P1439	5
P1454	5
P150	5
P1760	5
P178	5
P1839	5
P1868	5
P1966	5
P1997	5
P2018	5
P206	5
P2308	5
P2361	5
P241	5
P2520	5
P2647	5
P287	5
P2948	5
P2961	5
P3035	5
P306	5
P3097	5
P3133	5
P3135	5
P3162	5
P3186	5
P3254	5
P3436	5
P3569	5
P36	5
P3672	5
P3712	5
P3811	5
P3836	5
P3933	5
P3979	5
P3988	5
P4088	5
P4107	5
P4172	5
P4173	5
P4193	5
P4211	5
P4333	5
P4334	5
P4351	5
P4358	5
P4416	5
P4424	5
P4502	5
P4604	5
P4697	5
P4705	5
P4807	5
P4846	5
P4908	5
P4977	5
P5181	5
P5291	5
P5393	5
P5431	5
P5452	5
P5516	5
P554	5
P5604	5
P5607	5
P5772	5
P5784	5
P582	5
P5820	5
P5844	5
P587	5
P5987	5
P604	5
P6173	5
P6180	5
P6292	5
P6394	5
P6395	5
P6422	5
P6500	5
P6507	5
P6566	5
P6625	5
P6662	5
P6676	5
P6836	5
P6842	5
P6862	5
P6976	5
P7000	5
P7067	5
P710	5
P7109	5
P7215	5
P7217	5
P7223	5
P733	5
P7368	5
P737	5
P740	5
P7523	5
P7677	5
P7704	5
P772	5
P7887	5
P7950	5
P7968	5
P798	5
P8055	5
P8639	5
P872	5
P8790	5
P8917	5
P8928	5
P893	5
P9008	5
P9130	5
P9146	5
P9194	5
P9213	5
P9222	5
P9459	5
P946	5
P9463	5
P9673	5
P9677	5
P9727	5
P9862	5
P9868	5
P9876	5
P9982	5
P10008	4
P10039	4
P10124	4
P10144	4
P10264	4
P10302	4
P10395	4
P10400	4
P10428	4
P10430	4
P10465	4
P10469	4
P105	4
P10501	4
P10559	4
P1056	4
P10803	4
P11003	4
P11092	4
P11131	4
P11176	4
P11298	4
P11346	4
P1154	4
P1195	4
P1218	4
P1262	4
P1323	4
P1376	4
P1455	4
P158	4
P1591	4
P1620	4
P163	4
P1659	4
P1662	4
P1714	4
P1721	4
P1774	4
P1876	4
P1888	4
P189	4
P1940	4
P1994	4
P1995	4
P2012	4
P2173	4
P2184	4
P2327	4
P2408	4
P2507	4
P2634	4
P2700	4
P2705	4
P2762	4
P2811	4
P2826	4
P2886	4
P2942	4
P3042	4
P3060	4
P3324	4
P3381	4
P3403	4
P3431	4
P3445	4
P3454	4
P3462	4
P3472	4
P3476	4
P3597	4
P3770	4
P3859	4
P3928	4
P4032	4
P408	4
P4178	4
P4191	4
P4198	4
P4212	4
P4215	4
P4217	4
P4277	4
P4398	4
P4569	4
P4641	4
P4775	4
P4801	4
P4899	4
P492	4
P5051	4
P51	4
P5260	4
P5265	4
P5381	4
P5391	4
P5430	4
P547	4
P553	4
P5566	4
P5631	4
P5640	4
P5720	4
P5760	4
P5847	4
P5874	4
P5914	4
P6037	4
P6060	4
P6157	4
P6160	4
P6171	4
P6182	4
P6187	4
P6226	4
P6348	4
P6379	4
P6429	4
P6519	4
P6565	4
P6611	4
P6668	4
P6748	4
P6769	4
P6771	4
P6894	4
P6934	4
P694	4
P6958	4
P6960	4
P6984	4
P7023	4
P7042	4
P7184	4
P729	4
P7311	4
P7340	4
P7455	4
P7560	4
P761	4
P764	4
P7645	4
P7692	4
P7710	4
P7754	4
P7790	4
P7963	4
P7972	4
P802	4
P803	4
P8070	4
P8079	4
P8136	4
P825	4
P8278	4
P8294	4
P8351	4
P8360	4
P84	4
P840	4
P8600	4
P8755	4
P8774	4
P88	4
P8812	4
P8825	4
P8905	4
P8922	4
P8925	4
P8993	4
P9078	4
P910	4
P9193	4
P923	4
P9271	4
P9304	4
P9307	4
P931	4
P9425	4
P9644	4
P9649	4
P9696	4
P9748	4
P9760	4
P982	4
P9852	4
P9874	4
P990	4
P9961	4
P9986	4
P10028	3
P10149	3
P10191	3
P10217	3
P10276	3
P10304	3
P10312	3
P10354	3
P10370	3
P10516	3
P10663	3
P10690	3
P10705	3
P10774	3
P1080	3
P1084	3
P11017	3
P11023	3
P11024	3
P11180	3
P11245	3
P1150	3
P1181	3
P1245	3
P1286	3
P1297	3
P1353	3
P1392	3
P1395	3
P1420	3
P1438	3
P1483	3
P149	3
P1550	3
P1553	3
P1587	3
P171	3
P1748	3
P1799	3
P1821	3
P1830	3
P185	3
P1877	3
P1939	3
P2046	3
P2049	3
P2064	3
P2096	3
P2162	3
P2283	3
P232	3
P237	3
P2380	3
P2389	3
P2474	3
P2540	3
P2541	3
P2578	3
P2632	3
P2679	3
P2739	3
P286	3
P2893	3
P2894	3
P2939	3
P2959	3
P2968	3
P3031	3
P3117	3
P3147	3
P3150	3
P3191	3
P3248	3
P3292	3
P3342	3
P3398	3
P3458	3
P3483	3
P3499	3
P35	3
P3506	3
P3515	3
P3550	3
P3560	3
P3632	3
P3670	3
P3675	3
P3698	3
P3704	3
P3710	3
P3724	3
P3732	3
P3759	3
P382	3
P3854	3
P3855	3
P3963	3
P3976	3
P3981	3
P4007	3
P4112	3
P414	3
P4180	3
P4272	3
P4299	3
P4346	3
P4353	3
P4392	3
P4411	3
P447	3
P4473	3
P4520	3
P4530	3
P4552	3
P4577	3
P4578	3
P466	3
P4822	3
P4858	3
P4859	3
P4870	3
P4871	3
P4884	3
P5023	3
P5178	3
P5208	3
P523	3
P5242	3
P5285	3
P5294	3
P5311	3
P5315	3
P5356	3
P5413	3
P542	3
P5466	3
P5477	3
P5488	3
P5490	3
P5517	3
P5559	3
P5568	3
P559	3
P5616	3
P5635	3
P575	3
P5773	3
P5859	3
P5918	3
P6053	3
P6070	3
P6151	3
P6162	3
P6210	3
P6235	3
P6238	3
P6246	3
P6293	3
P6294	3
P6304	3
P635	3
P639	3
P6402	3
P6405	3
P6410	3
P6413	3
P6434	3
P6493	3
P6518	3
P6660	3
P6735	3
P6812	3
P6831	3
P6900	3
P6907	3
P693	3
P7068	3
P7211	3
P7212	3
P7238	3
P7254	3
P7290	3
P7301	3
P7552	3
P7642	3
P7680	3
P7718	3
P775	3
P7760	3
P7784	3
P7799	3
P7829	3
P7920	3
P7953	3
P8008	3
P8033	3
P8050	3
P808	3
P8146	3
P8155	3
P8176	3
P8226	3
P8243	3
P8316	3
P8509	3
P8519	3
P8551	3
P8564	3
P8584	3
P8605	3
P8618	3
P8765	3
P8787	3
P882	3
P8916	3
P9007	3
P9115	3
P9149	3
P915	3
P9153	3
P9189	3
P920	3
P9240	3
P927	3
P9281	3
P9399	3
P9411	3
P9478	3
P9484	3
P9584	3
P9675	3
P9688	3
P9734	3
P9752	3
P9762	3
P9805	3
P9809	3
P9848	3
P9907	3
P9943	3
P9944	3
P998	3
P1002	2
P10036	2
P10081	2
P10095	2
P10154	2
P1017	2
P10190	2
P10192	2
P102	2
P10240	2
P10265	2
P1028	2
P10317	2
P10338	2
P10392	2
P10393	2
P10414	2
P10455	2
P10596	2
P10666	2
P10701	2
P10757	2
P10759	2
P10760	2
P10762	2
P10770	2
P10811	2
P10902	2
P10919	2
P10939	2
P10975	2
P11000	2
P11014	2
P11026	2
P11038	2
P11042	2
P1107	2
P11079	2
P11211	2
P1128	2
P11294	2
P11343	2
P1142	2
P1163	2
P1187	2
P1196	2
P1208	2
P1242	2
P1253	2
P1269	2
P1272	2
P1354	2
P1355	2
P1356	2
P1397	2
P1399	2
P1401	2
P141	2
P1423	2
P1435	2
P1588	2
P1593	2
P1638	2
P1652	2
P1653	2
P1735	2
P1766	2
P1800	2
P1806	2
P1855	2
P1870	2
P1884	2
P1919	2
P1922	2
P1930	2
P1950	2
P1978	2
P199	2
P200	2
P2007	2
P2063	2
P2079	2
P208	2
P2089	2
P2153	2
P2175	2
P2192	2
P2210	2
P2307	2
P2316	2
P2331	2
P2341	2
P2360	2
P2413	2
P2443	2
P2455	2
P2510	2
P2562	2
P2596	2
P2614	2
P2625	2
P2702	2
P277	2
P2917	2
P2946	2
P2952	2
P2984	2
P3006	2
P3027	2
P3028	2
P3037	2
P3113	2
P3130	2
P3132	2
P3176	2
P3204	2
P3224	2
P3236	2
P3240	2
P3320	2
P3340	2
P3371	2
P3383	2
P344	2
P3442	2
P3453	2
P3498	2
P3511	2
P3514	2
P3526	2
P355	2
P3553	2
P3557	2
P3558	2
P3559	2
P3579	2
P3606	2
P3622	2
P3628	2
P3700	2
P3758	2
P3762	2
P38	2
P3827	2
P3871	2
P3877	2
P3884	2
P3893	2
P3896	2
P3921	2
P3931	2
P3938	2
P395	2
P3996	2
P4004	2
P403	2
P4072	2
P4077	2
P4115	2
P415	2
P4161	2
P417	2
P4232	2
P426	2
P4260	2
P4275	2
P4330	2
P4369	2
P4394	2
P4412	2
P4415	2
P4431	2
P4454	2
P4467	2
P4515	2
P4527	2
P4542	2
P4575	2
P4582	2
P4637	2
P4647	2
P4686	2
P47	2
P4711	2
P4728	2
P473	2
P4754	2
P4756	2
P4765	2
P4783	2
P4784	2
P4818	2
P4893	2
P4925	2
P4974	2
P5054	2
P5077	2
P5106	2
P5121	2
P5137	2
P5163	2
P5168	2
P5202	2
P5221	2
P5237	2
P524	2
P5243	2
P5309	2
P5312	2
P5369	2
P5423	2
P5429	2
P5442	2
P5443	2
P5458	2
P5474	2
P5535	2
P5541	2
P5544	2
P5590	2
P564	2
P5651	2
P5704	2
P5717	2
P5782	2
P5799	2
P5816	2
P5834	2
P5845	2
P5884	2
P5901	2
P5915	2
P5928	2
P6009	2
P6056	2
P6059	2
P608	2
P6081	2
P609	2
P617	2
P6176	2
P618	2
P6204	2
P6217	2
P6219	2
P6221	2
P631	2
P6330	2
P6346	2
P6378	2
P6433	2
P6553	2
P6561	2
P6562	2
P6580	2
P6600	2
P6607	2
P6677	2
P672	2
P6724	2
P6741	2
P6759	2
P677	2
P6783	2
P6809	2
P6817	2
P6867	2
P6873	2
P6904	2
P6932	2
P6989	2
P6996	2
P7021	2
P7046	2
P7140	2
P717	2
P7187	2
P7196	2
P7197	2
P7225	2
P7237	2
P725	2
P7262	2
P7312	2
P7318	2
P7347	2
P7353	2
P7364	2
P7365	2
P7380	2
P7409	2
P7429	2
P7434	2
P7449	2
P748	2
P7512	2
P7548	2
P7567	2
P7596	2
P7604	2
P7630	2
P7659	2
P7715	2
P7726	2
P7758	2
P7779	2
P7791	2
P7858	2
P7872	2
P7878	2
P7882	2
P7888	2
P7894	2
P7900	2
P7938	2
P7983	2
P8031	2
P8052	2
P807	2
P8090	2
P8152	2
P8160	2
P8309	2
P8404	2
P841	2
P8424	2
P855	2
P8550	2
P862	2
P8647	2
P8699	2
P8705	2
P8742	2
P8743	2
P8827	2
P8840	2
P886	2
P8885	2
P8919	2
P8931	2
P8941	2
P8971	2
P9032	2
P9061	2
P9094	2
P9131	2
P919	2
P9210	2
P9231	2
P9367	2
P9375	2
P9383	2
P9523	2
P9569	2
P9571	2
P9613	2
P9629	2
P964	2
P9651	2
P9663	2
P9687	2
P9724	2
P9801	2
P9818	2
P9845	2
P9878	2
P989	2
P9898	2
P9980	2
P10006	1
P10021	1
P10026	1
P10034	1
P10035	1
P10058	1
P10070	1
P10097	1
P101	1
P1010	1
P10100	1
P10101	1
P10103	1
P10110	1
P1012	1
P10130	1
P10133	1
P10172	1
P1021	1
P10225	1
P10274	1
P10285	1
P1030	1
P10313	1
P1032	1
P10323	1
P10329	1
P10355	1
P10386	1
P10408	1
P10420	1
P10425	1
P10472	1
P10478	1
P10505	1
P10509	1
P10520	1
P10526	1
P10528	1
P10540	1
P10583	1
P1060	1
P10619	1
P10626	1
P10634	1
P10646	1
P10649	1
P10670	1
P10682	1
P1069	1
P10699	1
P10719	1
P10721	1
P10804	1
P1081	1
P10817	1
P10827	1
P10844	1
P10861	1
P10885	1
P10952	1
P10980	1
P11009	1
P11020	1
P11043	1
P11046	1
P11082	1
P1111	1
P11113	1
P11118	1
P11120	1
P11139	1
P11156	1
P1116	1
P11179	1
P1120	1
P11250	1
P11263	1
P11269	1
P1132	1
P11345	1
P1137	1
P115	1
P1151	1
P118	1
P1194	1
P1211	1
P122	1
P1259	1
P1264	1
P1277	1
P1283	1
P1287	1
P1289	1
P129	1
P1300	1
P1327	1
P1332	1
P1333	1
P1338	1
P1339	1
P1359	1
P1390	1
P1403	1
P1411	1
P1419	1
P1424	1
P1431	1
P1443	1
P1456	1
P1462	1
P1466	1
P1478	1
P1479	1
P1534	1
P1539	1
P1540	1
P1576	1
P1595	1
P1598	1
P1612	1
P1618	1
P1622	1
P1624	1
P1625	1
P1636	1
P1649	1
P176	1
P177	1
P1782	1
P1791	1
P1820	1
P1836	1
P190	1
P193	1
P1937	1
P1944	1
P1951	1
P1971	1
P1990	1
P1998	1
P2043	1
P2053	1
P2061	1
P2067	1
P2076	1
P2084	1
P2098	1
P2121	1
P2123	1
P2124	1
P2148	1
P2189	1
P2225	1
P2238	1
P2257	1
P2282	1
P229	1
P2298	1
P2317	1
P2337	1
P238	1
P2384	1
P2388	1
P2396	1
P2416	1
P2421	1
P2426	1
P2433	1
P2438	1
P2440	1
P2444	1
P2453	1
P2463	1
P2468	1
P247	1
P2489	1
P2493	1
P2501	1
P2522	1
P2548	1
P2550	1
P2575	1
P2623	1
P2624	1
P263	1
P2650	1
P2670	1
P2677	1
P270	1
P2761	1
P2796	1
P2802	1
P2823	1
P2876	1
P2883	1
P289	1
P2896	1
P2900	1
P2912	1
P2927	1
P2938	1
P2970	1
P300	1
P3007	1
P3008	1
P3009	1
P3017	1
P3018	1
P3022	1
P3068	1
P3075	1
P3081	1
P3090	1
P3111	1
P3112	1
P3121	1
P3129	1
P3172	1
P3182	1
P3183	1
P3194	1
P3223	1
P3227	1
P3259	1
P3279	1
P3300	1
P3370	1
P3382	1
P3391	1
P3424	1
P3444	1
P3450	1
P3461	1
P3466	1
P3467	1
P3519	1
P3521	1
P3531	1
P354	1
P3555	1
P3563	1
P3566	1
P358	1
P3596	1
P3600	1
P3602	1
P3612	1
P3618	1
P3627	1
P3654	1
P3682	1
P3706	1
P3735	1
P3746	1
P375	1
P3784	1
P3799	1
P3812	1
P3813	1
P3821	1
P3860	1
P3876	1
P3878	1
P3885	1
P3895	1
P3968	1
P3974	1
P3975	1
P398	1
P3986	1
P3997	1
P3998	1
P3999	1
P4016	1
P404	1
P4046	1
P4057	1
P4061	1
P4068	1
P4070	1
P4079	1
P4090	1
P4092	1
P4094	1
P4095	1
P411	1
P4136	1
P4139	1
P4146	1
P4160	1
P4162	1
P4194	1
P4229	1
P4244	1
P4247	1
P4252	1
P4254	1
P4255	1
P4311	1
P4335	1
P4364	1
P4388	1
P439	1
P4422	1
P4428	1
P443	1
P444	1
P4453	1
P4456	1
P4466	1
P4475	1
P4477	1
P4479	1
P4489	1
P4563	1
P4583	1
P4594	1
P4597	1
P4608	1
P4640	1
P4645	1
P4649	1
P4661	1
P4667	1
P4714	1
P4715	1
P474	1
P4741	1
P4743	1
P4745	1
P4752	1
P479	1
P4791	1
P4799	1
P4806	1
P4834	1
P4844	1
P4845	1
P4847	1
P4855	1
P4863	1
P4897	1
P4900	1
P4919	1
P4942	1
P4957	1
P4962	1
P4967	1
P4994	1
P5047	1
P5097	1
P5120	1
P5154	1
P5188	1
P5195	1
P5207	1
P5251	1
P5257	1
P5283	1
P5292	1
P5302	1
P5318	1
P5353	1
P537	1
P538	1
P5389	1
P5400	1
P541	1
P5446	1
P5456	1
P5457	1
P5460	1
P5465	1
P5514	1
P5525	1
P5527	1
P5578	1
P5584	1
P5600	1
P5633	1
P5647	1
P5649	1
P5665	1
P5667	1
P5735	1
P574	1
P5743	1
P5764	1
P5769	1
P5817	1
P5827	1
P5832	1
P5833	1
P5836	1
P5848	1
P5864	1
P5871	1
P5883	1
P5906	1
P5909	1
P5917	1
P5921	1
P5936	1
P5953	1
P5961	1
P5966	1
P5990	1
P6004	1
P6007	1
P6019	1
P6022	1
P606	1
P6097	1
P6130	1
P6133	1
P6137	1
P6138	1
P6142	1
P6143	1
P6144	1
P6163	1
P6175	1
P6190	1
P6200	1
P6237	1
P6251	1
P6254	1
P6275	1
P6287	1
P6291	1
P6312	1
P6324	1
P6325	1
P6332	1
P6336	1
P6350	1
P6403	1
P6431	1
P644	1
P6458	1
P6462	1
P6463	1
P6466	1
P6489	1
P6509	1
P6549	1
P6556	1
P6559	1
P6570	1
P6576	1
P658	1
P6585	1
P66	1
P6601	1
P6602	1
P6619	1
P6621	1
P6624	1
P663	1
P6637	1
P6641	1
P6666	1
P6679	1
P6682	1
P6747	1
P6752	1
P678	1
P6784	1
P6797	1
P680	1
P6802	1
P6819	1
P6823	1
P6850	1
P6885	1
P690	1
P6901	1
P6905	1
P6912	1
P6922	1
P6931	1
P6933	1
P6935	1
P6936	1
P6939	1
P6942	1
P6959	1
P6963	1
P6977	1
P6995	1
P7004	1
P7006	1
P7014	1
P7022	1
P7035	1
P7044	1
P7091	1
P7107	1
P7125	1
P7144	1
P7155	1
P7163	1
P7165	1
P7171	1
P7173	1
P7174	1
P7186	1
P7192	1
P7194	1
P7207	1
P7219	1
P7235	1
P7242	1
P7243	1
P7277	1
P7296	1
P7309	1
P7339	1
P7341	1
P7346	1
P7354	1
P7358	1
P7362	1
P7374	1
P7384	1
P7408	1
P741	1
P7427	1
P7439	1
P7450	1
P7464	1
P7470	1
P7475	1
P7482	1
P7495	1
P7496	1
P7513	1
P7535	1
P7553	1
P7614	1
P7634	1
P7636	1
P7641	1
P7648	1
P7676	1
P7698	1
P771	1
P7724	1
P7727	1
P7732	1
P7744	1
P7764	1
P7766	1
P7777	1
P78	1
P7816	1
P7818	1
P7823	1
P7827	1
P7844	1
P7867	1
P7909	1
P7932	1
P7936	1
P7947	1
P7956	1
P7985	1
P7997	1
P8021	1
P8023	1
P8036	1
P806	1
P811	1
P8197	1
P8218	1
P822	1
P8230	1
P8232	1
P8233	1
P8237	1
P8259	1
P826	1
P8260	1
P828	1
P8296	1
P8320	1
P8329	1
P8334	1
P8358	1
P8375	1
P8379	1
P8386	1
P8391	1
P8400	1
P8419	1
P8421	1
P8423	1
P8425	1
P8443	1
P8469	1
P8487	1
P8504	1
P8527	1
P8531	1
P8546	1
P8554	1
P8555	1
P8557	1
P8566	1
P859	1
P8614	1
P8627	1
P8640	1
P867	1
P868	1
P8689	1
P8693	1
P8709	1
P8714	1
P8719	1
P8727	1
P8768	1
P8791	1
P8796	1
P880	1
P8807	1
P8819	1
P8832	1
P8842	1
P8852	1
P8858	1
P8894	1
P8906	1
P8935	1
P8969	1
P8976	1
P9025	1
P9042	1
P9100	1
P9101	1
P9128	1
P9142	1
P9182	1
P9184	1
P9202	1
P9206	1
P9233	1
P924	1
P9290	1
P9311	1
P9313	1
P9355	1
P9360	1
P9385	1
P9420	1
P9438	1
P9457	1
P947	1
P9475	1
P9489	1
P9497	1
P9503	1
P9514	1
P9526	1
P9529	1
P9545	1
P9561	1
P9570	1
P9572	1
P9660	1
P9671	1
P97	1
P9706	1
P9735	1
P9744	1
P9768	1
P9776	1
P9778	1
P9793	1
P9800	1
P9806	1
P9827	1
P9832	1
P9877	1
P9900	1
P9906	1
P9913	1
P9920	1
P9923	1
P9929	1
P9992	1
Sum	41040320